id,inst_f1,chord_f1,time_sig_acc,pitch_oa,velocity_oa,duration_oa,chroma_sim,groove_sim,note_density_nrmse
0,1.0000000,0.1477804,0.9375000,0.7798702,0.7094927,0.2551566,0.6156570,0.4064608,0.5413586
1,0.9730849,1.0000000,1.0000000,0.6759905,0.4562643,0.1394275,0.7315696,0.6802988,0.0651909
2,0.9868974,0.4204645,1.0000000,0.7743873,0.7413503,0.4769964,0.8643583,0.7268813,0.4238012
3,0.9869046,0.5590040,1.0000000,0.7127001,0.4263778,0.3576107,0.7876739,0.5265295,0.2123604
4,0.9808156,0.5018640,1.0000000,0.8469937,0.8399301,0.4533920,0.7437057,0.5267873,0.2668736
5,0.9143493,1.0000000,1.0000000,0.7928916,0.6893528,0.4195683,0.8105913,0.8311102,0.1124179
6,1.0000000,1.0000000,1.0000000,0.8388687,0.5634581,0.4868873,0.7754595,0.5302428,0.2152466
7,0.9868460,0.3751136,1.0000000,0.8038669,0.4016943,0.6086154,0.8442411,0.7585242,0.4387936
8,0.9772510,0.5997656,1.0000000,0.5778289,0.6410235,0.5018375,0.7424497,0.7623957,0.2545234
9,1.0000000,0.7372004,1.0000000,0.7188959,0.7093102,0.4367599,0.5869500,0.5800311,0.4225452
10,0.9840157,1.0000000,1.0000000,0.9131923,0.8870936,0.3176585,0.5727325,0.5006351,0.3287326
11,0.9868701,0.6502759,1.0000000,0.7093282,0.5354812,0.5400472,0.7588842,0.7464751,0.2245742
12,0.9655676,0.0532598,1.0000000,0.8621656,0.6267371,0.4397782,0.6880385,0.6982040,0.2725714
13,0.9863004,0.6062101,1.0000000,0.7426974,0.6313734,0.3632246,0.7137554,0.6476938,0.4992828
14,0.9591799,1.0000000,1.0000000,0.9054298,0.6097123,0.6666824,0.8347944,0.4532543,0.1880059
15,0.9783168,0.5729182,1.0000000,0.8607083,0.4518158,0.5292481,0.7177081,0.7634317,0.2983295
16,0.8483818,1.0000000,1.0000000,0.6279587,0.6686376,0.7307623,0.4623848,0.6943014,0.3547578
17,0.9855404,0.7070930,1.0000000,0.8959078,0.6541023,0.4965628,0.6898775,0.7269631,0.1038245
18,0.9779861,0.8335456,1.0000000,0.7069155,0.6531897,0.5338991,0.6389964,0.8333286,0.4844934
19,0.8795792,0.4618730,1.0000000,0.6075351,0.4884324,0.3144342,0.9375781,0.8549322,0.2387597
20,0.9781344,0.6076368,1.0000000,0.7046243,0.7338686,0.3272541,0.6548058,0.5747649,0.5714469
21,0.9594245,1.0000000,1.0000000,0.7945581,0.6857405,0.4176146,0.7483829,0.6297943,0.1769305
22,1.0000000,0.6089141,1.0000000,0.4692501,0.7624938,0.4820006,0.9021916,0.7016502,0.5619010
23,1.0000000,0.4486019,1.0000000,0.6168291,0.7796514,0.4157810,0.5258369,0.4032721,0.5095700
24,1.0000000,1.0000000,1.0000000,0.9016162,0.8517343,0.4883729,0.8034446,0.5560560,0.3964632
25,0.9414456,0.1299914,1.0000000,0.7341462,0.7344872,0.4807712,0.6190981,0.6446903,0.5615384
26,1.0000000,0.7704527,1.0000000,0.9287393,0.6750823,0.4461742,0.8422803,0.8686660,0.2500153
27,0.9861228,0.6853696,1.0000000,0.4980685,0.6100124,0.5792536,0.7920241,0.7476931,0.3705524
28,0.8720021,1.0000000,1.0000000,0.6526182,0.5686747,0.5965889,0.7737789,0.5266229,0.2587796
29,0.9498185,0.4651063,1.0000000,0.7786601,0.8245636,0.4224479,0.6283131,0.7906417,0.2687477
30,1.0000000,0.3895714,1.0000000,0.8717649,0.6955531,0.5025363,0.8315693,0.4985760,0.2204296
31,0.9828995,0.5483020,1.0000000,0.8512239,0.8030345,0.3385565,0.6765008,0.6928005,0.1114883
32,0.9335663,0.6649758,1.0000000,0.5965726,0.6687320,0.5523233,0.9117697,0.4847038,0.4433865
33,0.8826772,0.1303460,1.0000000,0.8109882,0.6720285,0.2018499,0.5872275,0.5769158,0.4483989
34,0.9675988,0.6989130,1.0000000,0.9337201,0.6245834,0.3422787,0.8078516,0.6229318,0.4580404
35,0.9869052,1.0000000,1.0000000,0.8311738,0.6728964,0.6034800,0.8715050,0.7787865,0.3655616
36,1.0000000,0.6048896,1.0000000,0.6462830,0.8522196,0.4326686,0.8818133,0.6531540,0.1595926
37,0.9734665,0.2709449,1.0000000,0.5020707,0.8882037,0.4682612,0.7432354,0.6113783,0.4721802
38,0.9866048,0.4497279,1.0000000,0.7721681,0.6992397,0.3915547,0.8640095,0.5764375,0.2292992
39,0.9861721,0.3449753,1.0000000,0.6907690,0.6700468,0.4912079,0.8380320,0.6157896,0.2864974
40,1.0000000,1.0000000,1.0000000,0.8707280,0.8021211,0.5600366,0.5175783,0.4846041,0.5333909
41,1.0000000,0.4752368,1.0000000,0.4269792,0.7438353,0.5463815,0.4945578,0.7768397,0.1235301
42,0.9119427,0.5728595,0.9375000,0.8194459,0.6658577,0.7840037,0.6699591,0.4924141,0.2347934
43,0.8688589,0.7833172,1.0000000,0.6834710,0.6340867,0.3007805,0.6588394,0.6591944,0.1957459
44,0.9226102,0.2745871,0.9375000,0.6409281,0.8290809,0.5738659,0.8399533,0.4743836,0.2358804
45,1.0000000,0.4107872,1.0000000,0.8650790,0.7175268,0.4457338,0.7000818,0.4469725,0.2936595
46,0.8109929,0.0277414,1.0000000,0.8096336,0.7431199,0.6423236,0.8173228,0.8367457,0.4660946
47,0.9324918,0.3214836,1.0000000,0.9410368,0.5538993,0.3124174,0.7355072,0.8251896,0.4142550
48,0.9664057,0.0777450,1.0000000,0.7797060,0.8237861,0.7002762,0.8288339,0.5300986,0.1885273
49,1.0000000,0.3434803,1.0000000,0.6573739,0.8733868,0.4303292,0.6275815,0.6001871,0.1824636
50,0.9868692,1.0000000,1.0000000,0.7347649,0.4275198,0.2745417,0.5065541,0.6251250,0.6850787
51,0.9869006,0.5008861,1.0000000,0.8852418,0.4776220,0.5225290,0.7768593,0.4396050,0.1996324
52,0.9564027,1.0000000,1.0000000,0.7213478,0.6248049,0.3903221,0.4040144,0.6638614,0.6487227
53,0.9757232,0.8413927,1.0000000,0.7349035,0.3637454,0.7146866,0.8366320,0.6172248,0.1757524
54,0.9848716,0.5937642,1.0000000,0.6070301,0.8665622,0.3846652,0.5389829,0.9061003,0.3125812
55,0.9866195,0.6545341,1.0000000,0.6376285,0.4089691,0.2982055,0.4836550,0.6516061,0.1880269
56,0.9765544,0.8354410,1.0000000,0.9000194,0.4188075,0.2003080,0.6420471,0.4764722,0.3463857
57,0.9802356,0.4670996,1.0000000,0.7730761,0.6907965,0.6212044,0.8061500,0.6242841,0.2094662
58,0.9717833,0.8147533,1.0000000,0.7998331,0.2675825,0.4013624,0.9098261,0.5302368,0.3681889
59,1.0000000,1.0000000,1.0000000,0.6523079,0.5465598,0.4321646,0.7311460,0.7797055,0.2628919
60,1.0000000,0.6038408,1.0000000,0.7271954,0.5006210,0.4407524,0.8043486,0.4114046,0.2691307
61,0.9625738,0.4015338,1.0000000,0.8853973,0.5841411,0.6602212,0.8456290,0.5630815,0.4832049
62,0.9845067,0.7339927,1.0000000,0.6800155,0.6350406,0.4848506,0.8390005,0.6606416,0.2525419
63,0.9862092,0.2541681,1.0000000,0.9203422,0.7432869,0.6965191,0.9440713,0.3637542,0.3950286
64,0.9858379,0.4851349,1.0000000,0.7662995,0.6265928,0.6213180,0.8724193,0.8382179,0.3508125
65,0.9739686,0.6640017,1.0000000,0.7623032,0.9427012,0.2059017,0.7968857,0.5386742,0.4107230
66,0.9668420,0.1074704,1.0000000,0.6727753,0.8482921,0.2235148,0.8204341,0.7137002,0.3801971
67,0.9562354,0.5786337,1.0000000,0.8731365,0.4828016,0.5936539,0.7614238,0.8585809,0.4343310
68,0.9648349,0.7781086,1.0000000,0.8253375,0.8479699,0.4511294,0.4089446,0.7487769,0.2899539
69,1.0000000,0.3015782,1.0000000,0.7201609,0.5799681,0.2238225,0.7521052,0.5818206,0.2612836
70,0.9516094,0.3741586,1.0000000,0.8641171,0.6923901,0.3491246,0.4455866,0.6109284,0.3209310
71,0.9860724,1.0000000,1.0000000,0.7436002,0.5891909,0.4195123,0.7579696,0.7226730,0.3924254
72,1.0000000,1.0000000,1.0000000,0.8066277,0.5333050,0.2540026,0.7885485,0.6606458,0.4393453
73,1.0000000,0.8000865,1.0000000,0.8589194,0.5034473,0.4220019,0.7734770,0.8204280,0.3146757
74,1.0000000,0.6853277,1.0000000,0.7184244,0.4840739,0.6595533,0.9232189,0.3971567,0.3569498
75,0.5128460,0.4716801,1.0000000,0.8410821,0.6012319,0.7603219,0.7209644,0.6551329,0.4186884
76,0.9578927,0.5034083,1.0000000,0.8406070,0.6326976,0.2941385,0.8203262,0.6674294,0.4047247
77,0.9691763,1.0000000,1.0000000,0.5489151,0.7399263,0.6543937,0.7309722,0.7705965,0.0837257
78,0.9864108,0.7826756,1.0000000,0.7749428,0.6647363,0.4868172,0.5523395,0.6819433,0.4532741
79,0.9536193,0.5369067,1.0000000,0.8013519,0.6009984,0.4613822,0.7270847,0.6392752,0.2564179
80,0.9662449,0.2967967,1.0000000,0.8830127,0.6843971,0.4666826,0.7617901,0.7792805,0.5741863
81,0.9309743,1.0000000,0.9375000,0.6089413,0.4692181,0.4881936,0.7445201,0.7716529,0.2560316
82,0.9394855,0.3754166,1.0000000,0.6337867,0.5452539,0.3812692,0.6230122,0.6255710,0.3683943
83,1.0000000,0.0474702,1.0000000,0.7598202,0.7288108,0.4583443,0.6537849,0.4492881,0.3683806
84,0.9700427,1.0000000,1.0000000,0.4336563,0.7267429,0.5129257,0.8645444,0.7388308,0.2028785
85,0.9323834,0.7091045,1.0000000,0.9058706,0.8113620,0.3528831,0.7963847,0.4644222,0.1692477
86,1.0000000,0.7089457,1.0000000,0.7977930,0.7732357,0.5219783,0.7898688,0.7118343,0.5220157
87,0.9859727,0.8364181,1.0000000,0.9260462,0.5036448,0.6573949,0.6472023,0.8368856,0.3721938
88,0.8209802,0.7771486,1.0000000,0.7561733,0.7834970,0.6310665,0.6182722,0.9008632,0.5199521
89,0.9342558,1.0000000,1.0000000,0.4948664,0.7264006,0.4735201,0.7695473,0.6027196,0.3865877
90,0.9867582,0.5571805,1.0000000,0.7215980,0.5836086,0.6233975,0.8337380,0.4166305,0.2610637
91,1.0000000,0.4382314,1.0000000,0.8290033,0.6492483,0.3404066,0.7280028,0.4455252,0.5632489
92,0.9861009,0.5672091,1.0000000,0.7357303,0.7115910,0.2223654,0.9166138,0.7594372,0.2557248
93,1.0000000,0.5734916,1.0000000,0.7328179,0.6354695,0.3647549,0.6639055,0.5551725,0.3504057
94,0.9862571,0.5173582,1.0000000,0.9125959,0.7818427,0.5212736,0.7193141,0.5637967,0.2522276
95,0.9868339,0.5488343,1.0000000,0.6566900,0.8496094,0.6193055,0.7718156,0.5416285,0.4093387
96,1.0000000,0.7363385,1.0000000,0.8536607,0.6758482,0.5266628,0.4941571,0.8171303,0.1998455
97,0.9868420,0.2792727,1.0000000,0.6665908,0.6762789,0.6365049,0.7168617,0.8021085,0.2015302
98,0.9865201,0.4532411,1.0000000,0.4899647,0.6544500,0.4405923,0.6862900,0.8304215,0.4400845
99,1.0000000,0.6461133,1.0000000,0.8272617,0.7198869,0.6320484,0.5100340,0.7999040,0.4149546
100,1.0000000,1.0000000,1.0000000,0.7259126,0.5006457,0.4839778,0.8417977,0.7391350,0.4098450
101,0.9738068,0.6578510,1.0000000,0.8560314,0.5813450,0.5291552,0.4665943,0.7024208,0.3278771
102,0.9413611,0.4175174,1.0000000,0.6236668,0.8184775,0.4556380,0.7871367,0.8547801,0.2007155
103,0.6782940,0.6099709,1.0000000,0.8541127,0.6474764,0.4929618,0.8508901,0.6884505,0.3748252
104,1.0000000,1.0000000,1.0000000,0.7679454,0.7536854,0.3981906,0.5833295,0.8027891,0.4742889
105,0.8721443,1.0000000,1.0000000,0.5060373,0.4700115,0.5623113,0.7989009,0.9170777,0.4564422
106,0.9867402,1.0000000,1.0000000,0.5904270,0.5824025,0.3298367,0.8862403,0.7940660,0.1716895
107,0.8570704,0.2060414,1.0000000,0.5989977,0.3046082,0.5967970,0.5885425,0.4800787,0.4614462
108,0.9869052,0.7948752,1.0000000,0.5966179,0.6531907,0.1641306,0.6936406,0.8373960,0.1120664
109,1.0000000,0.5551025,1.0000000,0.7802321,0.6837088,0.4277655,0.7581895,0.6715699,0.4147869
110,0.9351384,0.5711244,1.0000000,0.9111902,0.4600129,0.4926444,0.6333965,0.5635690,0.6675977
111,1.0000000,0.6559251,1.0000000,0.6448724,0.6407327,0.5825430,0.7572484,0.5779284,0.2495828
112,0.9869032,0.2787933,1.0000000,0.5301916,0.6906004,0.6092698,0.7632191,0.6099440,0.0994337
113,1.0000000,0.2681224,1.0000000,0.8283089,0.7748978,0.3102321,0.6710268,0.8540524,0.1200736
114,0.9621574,0.7166547,1.0000000,0.7864865,0.2940324,0.4965299,0.8638927,0.5008107,0.4083804
115,0.9112751,0.7707247,1.0000000,0.6189471,0.5912988,0.7936151,0.6727318,0.7685229,0.2998739
116,0.9524777,0.5119820,1.0000000,0.8448141,0.7987057,0.3939271,0.7064968,0.5909496,0.1757338
117,0.9849108,1.0000000,1.0000000,0.6893189,0.2822677,0.7066575,0.6871649,0.6027198,0.1701886
118,0.9816878,1.0000000,1.0000000,0.5018810,0.4467370,0.4519188,0.7709940,0.6640060,0.5514201
119,0.9205198,0.5380779,1.0000000,0.8732067,0.7063614,0.6561488,0.8303460,0.5524516,0.3970516
120,0.9181703,0.5962887,1.0000000,0.8077916,0.4862322,0.2597086,0.4481184,0.8481327,0.3387158
121,0.9673747,0.5172519,1.0000000,0.8825775,0.5037461,0.4326103,0.6776356,0.4894410,0.3387721
122,0.8832340,1.0000000,1.0000000,0.8039182,0.4437503,0.6028752,0.4829369,0.7628008,0.2327328
123,0.9869042,1.0000000,1.0000000,0.6251751,0.8116545,0.5367814,0.7886369,0.2743580,0.5669870
124,0.9738058,0.6455278,1.0000000,0.4237044,0.7035939,0.7111869,0.8154194,0.7948770,0.3732806
125,0.9866858,0.7727342,1.0000000,0.4522804,0.8243503,0.4718545,0.8263233,0.6396205,0.2850933
126,0.9817649,0.5606064,1.0000000,0.8059605,0.8446920,0.4130284,0.7662428,0.7074018,0.2009670
127,0.9836252,0.5228496,1.0000000,0.6621338,0.4250537,0.4288477,0.7066685,0.6184632,0.4431244
128,0.9033883,0.7531559,1.0000000,0.7471581,0.6429068,0.4209297,0.7997057,0.5502308,0.3925594
129,0.8974468,0.6923700,1.0000000,0.8931737,0.7008333,0.3769827,0.8015658,0.8096783,0.1409123
130,1.0000000,0.1670001,1.0000000,0.8860995,0.6749364,0.2816797,0.8228309,0.5825577,0.2056377
131,0.9755522,0.1532756,1.0000000,0.6120364,0.7547768,0.6675827,0.8696089,0.5314708,0.4399306
132,1.0000000,0.4755967,1.0000000,0.8225478,0.7224686,0.2895282,0.8379179,0.5307176,0.3452640
133,0.9869044,0.6633217,1.0000000,0.6794641,0.6643459,0.4058483,0.8146492,0.8663096,0.2974497
134,0.9869053,0.7016765,1.0000000,0.8782806,0.8960732,0.3067169,0.5946462,0.7251287,0.3833482
135,0.8571685,0.7509957,1.0000000,0.6316517,0.6888812,0.2049950,0.6587360,0.8085008,0.6726731
136,0.9865859,0.7445958,1.0000000,0.6305108,0.5826835,0.6408425,0.8646043,0.9210399,0.5558846
137,0.9842219,0.5620042,1.0000000,0.7819013,0.4646366,0.5595646,0.7465823,0.7224719,0.4023150
138,0.9865119,0.4775912,1.0000000,0.8204941,0.7444068,0.3710449,0.6335626,0.8154250,0.1820383
139,0.8812996,0.4996345,1.0000000,0.5714536,0.5955008,0.4353866,0.5794829,0.5604371,0.3471860
140,1.0000000,0.6084903,1.0000000,0.8616580,0.8505104,0.4857982,0.7781895,0.4568200,0.1614643
141,0.9798836,1.0000000,1.0000000,0.7575798,0.5448858,0.6552172,0.6944968,0.8013449,0.1004244
142,1.0000000,0.0737282,1.0000000,0.5157220,0.6304235,0.2134424,0.8088613,0.6414037,0.4280279
143,0.9861905,1.0000000,1.0000000,0.5878440,0.8437780,0.5890082,0.7355452,0.8887149,0.2848835
144,0.9300473,0.1944966,1.0000000,0.6352056,0.6580689,0.3969707,0.8750393,0.6876048,0.1409718
145,1.0000000,0.7114824,1.0000000,0.5160238,0.6871297,0.5395235,0.5830245,0.5870941,0.3214907
146,0.9830362,0.5495957,1.0000000,0.7898726,0.8473569,0.3652977,0.6608817,0.6834441,0.3345142
147,0.9868426,0.7178347,0.9375000,0.4422821,0.6831463,0.7278841,0.7412177,0.7677203,0.1917947
148,0.9841999,0.6872871,1.0000000,0.7857149,0.7776205,0.7112121,0.7028979,0.7167119,0.6301166
149,1.0000000,0.8113439,1.0000000,0.5733884,0.6568147,0.3688888,0.8404767,0.7761754,0.3169695
150,0.8586799,1.0000000,1.0000000,0.6506991,0.9177772,0.5205694,0.6357417,0.3965400,0.2576347
151,0.9852616,0.4809678,1.0000000,0.9163980,0.8182914,0.1635563,0.6108720,0.5268203,0.3491456
152,0.9489318,0.8069284,1.0000000,0.5383742,0.8449500,0.4767813,0.6690825,0.5782500,0.4545801
153,0.9278299,0.7497231,1.0000000,0.9199829,0.6299039,0.7758622,0.7186215,0.7373002,0.2987723
154,0.9843443,0.5233196,1.0000000,0.8292188,0.5613378,0.1366373,0.8903236,0.8630181,0.2224758
155,1.0000000,0.6169670,1.0000000,0.7598645,0.5103764,0.4123963,0.6655323,0.6866241,0.2424219
156,0.9868788,0.5385577,1.0000000,0.7066158,0.7144026,0.1393637,0.8086769,0.8492744,0.2790895
157,0.9868981,0.7415208,1.0000000,0.8495321,0.6737453,0.4254894,0.8307707,0.7305323,0.3600013
158,0.9847206,0.5563562,1.0000000,0.7658126,0.7535491,0.4498105,0.6595629,0.6096657,0.3598897
159,0.9868847,0.4065516,0.9375000,0.7062321,0.6279481,0.4598538,0.8370366,0.6263270,0.6028857
160,0.9865464,1.0000000,1.0000000,0.9234536,0.7013385,0.2650889,0.7099877,0.3457987,0.5104124
161,0.9786982,0.8355538,0.9375000,0.8641224,0.7167884,0.5235787,0.7684211,0.7876201,0.4284891
162,1.0000000,0.4763842,1.0000000,0.6095684,0.6212565,0.6662365,0.7822634,0.6269227,0.3548942
163,1.0000000,0.5213471,1.0000000,0.7475068,0.5957232,0.3937159,0.6914359,0.7323584,0.2068402
164,0.9868790,0.3159897,1.0000000,0.7709980,0.6478148,0.5439295,0.7107757,0.6900781,0.3688959
165,1.0000000,0.6609664,1.0000000,0.8682008,0.6994516,0.4855223,0.3969463,0.6196554,0.3223424
166,0.9829055,0.6485618,1.0000000,0.7704962,0.4696132,0.3143498,0.9617659,0.6646297,0.0229874
167,0.9835393,1.0000000,1.0000000,0.8830700,0.6435945,0.3642618,0.8556161,0.6196908,0.2787445
168,0.9493019,0.6419625,1.0000000,0.8357812,0.4765029,0.3095864,0.8912983,0.8137524,0.3712288
169,0.9115785,0.4780806,1.0000000,0.8527641,0.8363917,0.4514501,0.7397346,0.5648203,0.1481079
170,0.9221381,1.0000000,1.0000000,0.5404441,0.8324515,0.5311251,0.6335227,0.9195667,0.4159417
171,0.9721895,0.7367024,1.0000000,0.6038589,0.4299247,0.3379316,0.7037950,0.8234232,0.2128774
172,0.9627104,0.4300423,1.0000000,0.6420557,0.8228347,0.4335640,0.7077763,0.5563083,0.2283048
173,0.9869052,0.5518597,1.0000000,0.7504871,0.4409286,0.7049971,0.8072025,0.5562561,0.2562377
174,0.9453900,0.5774633,1.0000000,0.4120836,0.5119064,0.2835208,0.5973456,0.7270782,0.2561986
175,1.0000000,0.7974366,1.0000000,0.7173392,0.5399307,0.5833160,0.8006486,0.6738963,0.1134221
176,1.0000000,0.6423608,1.0000000,0.8701720,0.8384155,0.7588787,0.7399758,0.6245660,0.1420099
177,1.0000000,0.7135583,1.0000000,0.6697598,0.7993243,0.5104915,0.7101425,0.6923402,0.5654178
178,0.9838966,1.0000000,1.0000000,0.6474937,0.7991048,0.8784081,0.7988035,0.5332627,0.1693063
179,0.9756214,0.6795367,1.0000000,0.6592101,0.6358556,0.7464176,0.8782270,0.6156186,0.1472576
180,0.9868606,0.2675981,1.0000000,0.7705960,0.4783894,0.6432138,0.8202099,0.6521166,0.5219438
181,0.9596369,0.6612289,1.0000000,0.8057141,0.6646985,0.4956726,0.9233130,0.6793137,0.5073392
182,0.9862088,0.8076018,1.0000000,0.7328923,0.6912624,0.3571247,0.7580966,0.7464999,0.2945278
183,0.9868959,0.7080484,1.0000000,0.6077230,0.8396721,0.2455773,0.7558735,0.6271115,0.2954712
184,1.0000000,0.3736306,1.0000000,0.7444393,0.6378039,0.5152814,0.8589462,0.6563421,0.3947642
185,0.9772860,0.3388640,1.0000000,0.7984114,0.7468865,0.5628134,0.7878382,0.5260094,0.1191734
186,0.9868791,0.3061595,1.0000000,0.5245383,0.3736606,0.1813946,0.9593874,0.6070738,0.2310344
187,0.9869052,0.2670832,1.0000000,0.9170168,0.5173570,0.6529193,0.7887942,0.7287784,0.1857603
188,0.9868979,0.3652287,1.0000000,0.7688136,0.6220983,0.6277173,0.8209762,0.5044858,0.3235486
189,0.9779856,1.0000000,1.0000000,0.8718728,0.7808297,0.3023958,0.8260162,0.7521310,0.3233974
190,0.9399772,0.4968265,1.0000000,0.8581470,0.6214564,0.5276661,0.6889937,0.8326079,0.2973012
191,0.9868183,0.0160014,1.0000000,0.4927840,0.6252038,0.6134310,0.4477791,0.7128820,0.2189641
192,0.9865314,0.5574045,1.0000000,0.6817501,0.6885522,0.4195580,0.8055187,0.3586701,0.3938841
193,0.9378778,1.0000000,1.0000000,0.4687436,0.5922660,0.4754566,0.6825236,0.8946169,0.3383970
194,0.8570803,0.4559405,1.0000000,0.8167912,0.4562958,0.5164347,0.6669992,0.6628707,0.3576364
195,0.9578055,0.8591742,1.0000000,0.7138715,0.4511191,0.7779561,0.7464182,0.7232969,0.5352727
196,0.9869002,0.5570993,1.0000000,0.7388450,0.6469117,0.5565276,0.8629076,0.5386469,0.1636115
197,0.9468975,1.0000000,1.0000000,0.8131950,0.6303392,0.1652916,0.8553380,0.7405418,0.3251124
198,0.9869017,0.7122848,1.0000000,0.8373115,0.5670468,0.4532734,0.8650236,0.6415775,0.2369079
199,0.9859878,0.7350877,1.0000000,0.8766832,0.5688871,0.6087203,0.5463186,0.7948955,0.3772090
200,0.9574742,0.5358805,1.0000000,0.6599789,0.7371429,0.3567800,0.7405935,0.6453824,0.4717249
201,0.9861856,0.4307661,1.0000000,0.6900011,0.6020550,0.3889420,0.7112623,0.6439163,0.3854872
202,1.0000000,1.0000000,1.0000000,0.7198416,0.6036723,0.6344176,0.7843355,0.5551996,0.4321767
203,0.9781836,0.4652057,1.0000000,0.7395910,0.7219273,0.6589596,0.7216737,0.7219964,0.4508223
204,0.9755023,1.0000000,1.0000000,0.8405403,0.5574513,0.3164260,0.6388026,0.5214686,0.3700645
205,0.9868247,1.0000000,1.0000000,0.8599999,0.6574610,0.7252434,0.8246708,0.5550329,0.6136106
206,0.9869053,0.6473890,1.0000000,0.7759997,0.4680762,0.3550616,0.7120048,0.8124456,0.2943784
207,0.9862438,0.7622714,1.0000000,0.8118833,0.5548475,0.2981903,0.6918485,0.7441699,0.4122451
208,0.9861941,0.6328790,1.0000000,0.8069198,0.8134082,0.3692952,0.5202157,0.9109791,0.2793603
209,0.8853436,1.0000000,1.0000000,0.7731175,0.4146152,0.4478805,0.6083352,0.6669396,0.3197134
210,0.9869047,0.3492941,1.0000000,0.5742092,0.5374304,0.4692453,0.4676736,0.7042898,0.4076040
211,0.9869037,0.1984115,1.0000000,0.6446467,0.4905012,0.2992363,0.5456153,0.7622958,0.3349742
212,0.9866972,1.0000000,1.0000000,0.5828187,0.5643334,0.3765772,0.7749620,0.7509413,0.5062638
213,1.0000000,0.4010463,1.0000000,0.7907313,0.5896234,0.3950342,0.6309791,0.6281694,0.3875627
214,0.8201510,0.5407509,0.9375000,0.7534781,0.3992331,0.7862059,0.7940578,0.6772556,0.1098920
215,0.9549533,0.7318916,1.0000000,0.8802386,0.6153730,0.4499199,0.5842804,0.7811251,0.3664031
216,0.9758007,0.6471503,1.0000000,0.7749129,0.6934165,0.7741393,0.7286494,0.6931179,0.2143330
217,0.9699775,0.6100105,1.0000000,0.8314419,0.6379143,0.5061433,0.5340247,0.4238964,0.4783870
218,0.9868960,0.6677751,1.0000000,0.6546938,0.7142518,0.2728240,0.8654382,0.8237515,0.2367025
219,0.9868990,0.4470496,1.0000000,0.7084870,0.4989772,0.3670032,0.7685021,0.7241910,0.4034211
220,1.0000000,0.7375541,1.0000000,0.8978946,0.5992107,0.3600066,0.7018294,0.7861649,0.4092060
221,0.9712283,0.4202541,1.0000000,0.7526426,0.8539609,0.4482768,0.8974599,0.5946989,0.3579905
222,0.9032187,0.5920122,1.0000000,0.6942347,0.4100962,0.5291378,0.8224001,0.8466935,0.5329113
223,0.9757288,0.5836265,1.0000000,0.7545340,0.4735910,0.3385773,0.6988018,0.4583452,0.2206651
224,0.9812013,0.8757621,1.0000000,0.6428580,0.8771536,0.3498194,0.8272256,0.5774301,0.2983772
225,0.9692287,1.0000000,1.0000000,0.6969329,0.5344130,0.5306018,0.4120787,0.5349801,0.3206943
226,0.9867916,1.0000000,0.9375000,0.6826980,0.7201335,0.5827974,0.4457708,0.7203835,0.4304209
227,1.0000000,0.2808801,1.0000000,0.7238725,0.7658282,0.4842559,0.7900793,0.7773705,0.3451277
228,0.9689268,0.3548070,1.0000000,0.6831552,0.5170967,0.4562666,0.9529368,0.8159761,0.2764298
229,0.9705830,0.5865521,1.0000000,0.7750723,0.5081789,0.3099523,0.6389240,0.5351355,0.4286057
230,0.9737925,0.1653178,1.0000000,0.6937033,0.4381496,0.6724306,0.7691151,0.7129466,0.1756133
231,0.9869053,0.2345147,1.0000000,0.6773844,0.5371573,0.7087578,0.8263079,0.7939736,0.5349299
232,0.9858257,0.2177163,1.0000000,0.6977189,0.7633783,0.2512574,0.8146231,0.5109864,0.4560714
233,0.9865299,0.6427669,1.0000000,0.8360777,0.6272534,0.6244862,0.5860272,0.6729712,0.4078777
234,0.8156948,0.6170582,1.0000000,0.5587091,0.5489135,0.6160175,0.6526505,0.4250018,0.1390913
235,0.8708124,0.6897686,1.0000000,0.6741971,0.7489059,0.5511343,0.7955766,0.3766931,0.4908472
236,0.9481857,0.2576793,1.0000000,0.7566151,0.6854247,0.4391252,0.8150382,0.6865136,0.5252757
237,0.9802626,1.0000000,1.0000000,0.7985962,0.6596365,0.5758545,0.5863389,0.7920979,0.2956324
238,0.9667769,0.7744606,1.0000000,0.6593230,0.4103419,0.5377817,0.6668543,0.6336304,0.5514301
239,1.0000000,0.4043265,1.0000000,0.8225707,0.8356508,0.4919344,0.6522526,0.7276958,0.3615542
240,0.9518471,0.7803049,1.0000000,0.8633282,0.6119781,0.5908620,0.7485195,0.6175041,0.2950935
241,0.7462526,1.0000000,1.0000000,0.8194293,0.7481849,0.3558253,0.7230428,0.6475137,0.3103222
242,0.9868021,1.0000000,1.0000000,0.4914342,0.6159594,0.5798705,0.9475857,0.7267154,0.2288520
243,0.8861305,0.6552701,1.0000000,0.8225207,0.7532455,0.3496480,0.6176703,0.5482854,0.1361716
244,0.9869051,0.7938308,1.0000000,0.8368721,0.5364257,0.2470741,0.7513022,0.7677783,0.2882729
245,0.9856854,0.8666555,1.0000000,0.6884656,0.3865226,0.6240380,0.9279453,0.6857914,0.4052922
246,0.9716905,1.0000000,1.0000000,0.7655455,0.7998591,0.4716870,0.7602345,0.5764798,0.5035262
247,0.9855053,0.5981629,1.0000000,0.7073236,0.7438508,0.3556008,0.5988885,0.5874428,0.3022926
248,1.0000000,1.0000000,1.0000000,0.8849861,0.5995126,0.6416552,0.7737907,0.7848684,0.4241241
249,0.8921942,0.8322843,1.0000000,0.6083859,0.4752778,0.4201831,0.4253639,0.8107203,0.2507175
250,0.9868619,0.5929770,1.0000000,0.6778173,0.6018989,0.2817676,0.9370982,0.6930230,0.2513347
251,0.9692505,0.2433539,1.0000000,0.7361206,0.4163293,0.5121940,0.5067091,0.6106332,0.3009664
252,0.7476886,0.5912287,1.0000000,0.7042853,0.3558087,0.5974348,0.8751452,0.6013415,0.4057986
253,1.0000000,1.0000000,1.0000000,0.6230244,0.5765504,0.6338788,0.4847081,0.8318117,0.4074151
254,0.9801247,0.6797919,1.0000000,0.8368250,0.4930413,0.1910170,0.8379634,0.7015225,0.1655043
255,0.9127177,1.0000000,1.0000000,0.7034589,0.4115690,0.6054814,0.8066946,0.8213372,0.6064116
256,1.0000000,0.8084899,1.0000000,0.7402281,0.6913056,0.4241790,0.4660781,0.6842021,0.5410891
257,1.0000000,0.4151777,1.0000000,0.9339733,0.6613297,0.4147296,0.7801370,0.6884915,0.3761344
258,1.0000000,0.4239647,1.0000000,0.7074723,0.5548886,0.5724229,0.6434487,0.6757284,0.1966208
259,0.9438508,1.0000000,1.0000000,0.7680672,0.4312072,0.7526480,0.6989251,0.6972803,0.1081837
260,0.9867251,0.5828544,1.0000000,0.8631796,0.7807648,0.5365304,0.7280061,0.5047988,0.3125330
261,0.9026779,0.7045847,1.0000000,0.6081103,0.7369838,0.3757847,0.8618751,0.8007719,0.5724600
262,0.9119350,1.0000000,1.0000000,0.7172108,0.6721836,0.8543893,0.7437566,0.7115814,0.3506096
263,1.0000000,0.4142279,1.0000000,0.7165437,0.6483441,0.6377252,0.5760931,0.7926008,0.2325297
264,0.9745306,0.7004174,1.0000000,0.6047488,0.5908274,0.6611077,0.6802945,0.5266048,0.4453192
265,1.0000000,0.6527895,1.0000000,0.8763849,0.6668090,0.1475362,0.4386046,0.8343922,0.2387492
266,0.9869053,0.6520608,1.0000000,0.7242418,0.7575798,0.8674519,0.7849502,0.5583867,0.3713781
267,0.9868842,0.4214205,1.0000000,0.7195808,0.5343956,0.6859565,0.7889692,0.5142358,0.4050548
268,1.0000000,0.5964863,1.0000000,0.8216579,0.3944902,0.2325545,0.5523433,0.6040503,0.3105384
269,1.0000000,0.4816666,1.0000000,0.7735754,0.6606783,0.5789820,0.8832793,0.8978443,0.3437505
270,0.9868824,0.6765736,1.0000000,0.9309184,0.6622124,0.5672788,0.8692545,0.5950730,0.4279251
271,0.9868389,0.6576028,1.0000000,0.5343667,0.5972337,0.4136709,0.7725007,0.5607192,0.5086912
272,0.9862766,0.7873880,1.0000000,0.7916863,0.5523565,0.6249983,0.7634387,0.4146805,0.3613551
273,1.0000000,1.0000000,1.0000000,0.4680069,0.5397936,0.4475195,0.8900261,0.7912473,0.6037687
274,0.9869053,0.4522188,1.0000000,0.8464889,0.6984139,0.5814402,0.6347695,0.6697895,0.2597566
275,0.9764724,0.7528247,1.0000000,0.9307086,0.6109258,0.3402299,0.7578772,0.9213391,0.2714194
276,1.0000000,0.5180828,1.0000000,0.8499829,0.8198252,0.2157962,0.7096968,0.7805255,0.4362156
277,1.0000000,0.9130246,1.0000000,0.7303824,0.5990654,0.3723151,0.7054798,0.7537810,0.2419547
278,1.0000000,0.7742979,1.0000000,0.7768607,0.4714104,0.5065813,0.8216839,0.7263468,0.5358532
279,0.9868757,0.8152626,1.0000000,0.5856657,0.8046440,0.6508383,0.8276954,0.8023979,0.2665538
280,0.9823188,0.5797145,1.0000000,0.5889368,0.5991672,0.5025314,0.6405044,0.7336687,0.3268404
281,0.9805978,0.4230526,1.0000000,0.8680074,0.5868189,0.4219258,0.9265609,0.7983907,0.4212037
282,1.0000000,0.4963772,1.0000000,0.8370812,0.7469266,0.2644519,0.7953796,0.7309431,0.0875586
283,0.9345706,0.4442561,1.0000000,0.6320384,0.3390175,0.3442635,0.5973638,0.7691938,0.2527400
284,0.9869051,1.0000000,1.0000000,0.7991692,0.7386941,0.5731728,0.6386157,0.6540828,0.5117946
285,0.9718136,1.0000000,1.0000000,0.7139909,0.8161460,0.4912984,0.7436854,0.8118097,0.1842834
286,0.9826013,0.7492590,1.0000000,0.6974909,0.4796823,0.5827736,0.7205659,0.8123503,0.5427430
287,0.8785993,0.3772760,1.0000000,0.5934033,0.5096316,0.4757881,0.6497425,0.5623661,0.3882969
288,0.9867835,0.3891933,1.0000000,0.6813658,0.7902339,0.5917025,0.6693352,0.7230443,0.5018860
289,1.0000000,0.7232478,1.0000000,0.7209546,0.7188888,0.6667010,0.4109462,0.5082098,0.4020513
290,1.0000000,0.2811659,1.0000000,0.7865413,0.5350383,0.2739781,0.7684930,0.6651070,0.3632383
291,0.9690428,0.4732350,1.0000000,0.8818628,0.8034764,0.3788846,0.6841050,0.5723582,0.5976669
292,0.9869053,1.0000000,1.0000000,0.8448140,0.7843575,0.6655227,0.4205320,0.5251893,0.6777187
293,0.9848926,0.1928596,1.0000000,0.8158843,0.9330561,0.5930876,0.7498981,0.7117283,0.4118692
294,0.9857270,0.1633393,1.0000000,0.8631456,0.7555149,0.4050293,0.7713296,0.6873254,0.3559926
295,0.9860845,0.6817705,1.0000000,0.6418348,0.6533037,0.1456717,0.8208185,0.4696183,0.2494085
296,1.0000000,0.5092763,1.0000000,0.7887579,0.4318068,0.2764010,0.7120350,0.7778896,0.1915524
297,0.8869477,0.6092729,1.0000000,0.6569117,0.5472616,0.4539948,0.7428957,0.7489467,0.3947932
298,1.0000000,1.0000000,1.0000000,0.7387198,0.5564254,0.2822005,0.8279562,0.8304086,0.4444364
299,0.9852152,0.6542473,1.0000000,0.8031055,0.7342144,0.6489509,0.5323121,0.5690138,0.4780233
300,0.9351055,0.4586216,1.0000000,0.6216743,0.6205372,0.2956280,0.7929271,0.5411760,0.3819073
301,0.9662537,0.4790466,1.0000000,0.7744492,0.2800544,0.4004168,0.8551320,0.6597380,0.1948815
302,0.9766015,0.5628345,1.0000000,0.4415271,0.8514299,0.3136175,0.8148665,0.3117175,0.4576034
303,0.9822237,0.6550954,1.0000000,0.7150727,0.7020203,0.3320385,0.6484745,0.7994322,0.1050813
304,0.9322243,0.7975635,1.0000000,0.8271202,0.7480095,0.5245511,0.6929893,0.5383861,0.4585412
305,0.9869033,0.6201264,1.0000000,0.8300856,0.8194314,0.5950922,0.7029363,0.6814984,0.4099618
306,0.8475774,0.2819310,1.0000000,0.5413289,0.6987445,0.5883495,0.7865533,0.6000895,0.3079072
307,0.9860472,0.6298422,1.0000000,0.7975731,0.8043502,0.1473852,0.8148084,0.4874501,0.5473388
308,0.8684537,0.3403927,1.0000000,0.6734327,0.6481329,0.4028097,0.7669111,0.4471849,0.5102391
309,0.9671507,0.7335932,1.0000000,0.8258817,0.4704849,0.6593661,0.8060297,0.7620970,0.3028938
310,1.0000000,1.0000000,1.0000000,0.7061847,0.7588376,0.3259747,0.6167741,0.5068805,0.2925985
311,1.0000000,0.4690786,1.0000000,0.5505621,0.6046061,0.4126499,0.4953951,0.7296371,0.5101049
312,1.0000000,0.7439072,1.0000000,0.6684939,0.7897376,0.4819659,0.8128163,0.8457923,0.3986762
313,0.9862810,1.0000000,1.0000000,0.6610352,0.6861249,0.3783307,0.7061300,0.5802462,0.4241921
314,0.9382471,0.6471685,1.0000000,0.2883474,0.8177852,0.7365383,0.8669764,0.7787472,0.2900691
315,1.0000000,0.4331515,1.0000000,0.7565937,0.6534632,0.3930439,0.8750132,0.6882459,0.4643382
316,1.0000000,0.2844706,1.0000000,0.7877755,0.8734480,0.6587172,0.8557275,0.8232699,0.0492538
317,0.9810015,1.0000000,1.0000000,0.4880493,0.5953683,0.5299885,0.4022465,0.5970361,0.6085924
318,1.0000000,1.0000000,1.0000000,0.8630603,0.7904845,0.8194784,0.9342015,0.5050882,0.4636684
319,0.8032530,0.7737722,1.0000000,0.9326719,0.4996431,0.2479690,0.6586555,0.7177443,0.1961836
320,0.9867317,0.5644259,1.0000000,0.8790312,0.5564737,0.4810034,0.4749441,0.7463009,0.1346368
321,0.9167697,0.2461026,1.0000000,0.8358105,0.6657136,0.5824718,0.7520829,0.5775152,0.3127318
322,0.9835170,0.0567541,1.0000000,0.5156589,0.6585087,0.5161846,0.4473310,0.7550831,0.1725872
323,0.6778517,0.6242415,1.0000000,0.6785906,0.5187190,0.4850795,0.6061985,0.8523433,0.4369594
324,0.9657333,0.3347410,1.0000000,0.9126726,0.5264758,0.5389772,0.6745878,0.6379906,0.3033261
325,0.9788558,0.5604735,1.0000000,0.5986043,0.7744697,0.4739055,0.6675788,0.7090609,0.4941068
326,0.9316683,0.6966367,1.0000000,0.8193735,0.3760763,0.4964314,0.3976197,0.6706021,0.1129715
327,0.9451159,0.5278672,1.0000000,0.5706927,0.8457602,0.2797778,0.7394378,0.7257494,0.4523489
328,0.9788252,0.6900577,1.0000000,0.5062740,0.6056196,0.7462387,0.8178320,0.6752306,0.1361322
329,0.9868947,0.6367253,1.0000000,0.8719092,0.6094450,0.5281143,0.8329092,0.6299562,0.3584552
330,0.9867219,0.8420501,1.0000000,0.6503507,0.7375207,0.8377815,0.7419482,0.6743841,0.2196382
331,0.9133111,0.6610653,1.0000000,0.5982998,0.5350604,0.4332569,0.8959222,0.5517623,0.4306839
332,0.9601673,0.6986966,1.0000000,0.8351866,0.5685462,0.3701857,0.7414135,0.4741795,0.3120935
333,0.9002265,0.4540979,1.0000000,0.9675741,0.4549662,0.4934934,0.6942793,0.8534245,0.5144821
334,0.7936053,0.6911932,1.0000000,0.8720137,0.7979079,0.4390745,0.8306353,0.7546197,0.4430372
335,0.9455223,0.4979211,1.0000000,0.7465989,0.7733125,0.4391335,0.7967481,0.6144814,0.3681406
336,0.9431093,0.4485832,1.0000000,0.7857973,0.5422440,0.3757946,0.5584824,0.5824169,0.5119466
337,0.9720279,0.2837824,1.0000000,0.7312928,0.7845769,0.4307306,0.7610686,0.8097691,0.3398442
338,0.9806071,0.5499720,1.0000000,0.8756958,0.5361339,0.3723085,0.8553710,0.7693104,0.2971669
339,0.9869043,0.6082527,1.0000000,0.2984676,0.6696746,0.4642809,0.5884944,0.6817976,0.3684406
340,0.9869052,0.7066826,1.0000000,0.7191621,0.5356603,0.2095870,0.5246579,0.6445950,0.4233971
341,0.9737241,1.0000000,1.0000000,0.5353841,0.6002456,0.5230144,0.8507957,0.9250968,0.4295128
342,0.9868003,0.3664075,1.0000000,0.6193004,0.7510433,0.3617841,0.8501804,0.4075823,0.3001175
343,0.9663013,0.4503982,1.0000000,0.7633030,0.4648021,0.7112957,0.4317439,0.6538032,0.2066549
344,0.9200751,1.0000000,1.0000000,0.8221839,0.5267068,0.3526789,0.8473478,0.7299064,0.2928181
345,1.0000000,1.0000000,1.0000000,0.6598087,0.4324114,0.2965945,0.8533855,0.7999559,0.2264254
346,0.9845971,0.2464625,1.0000000,0.6446041,0.3587277,0.6961996,0.5259940,0.7007660,0.3070566
347,0.8799469,0.8149330,1.0000000,0.8292229,0.6839162,0.4984219,0.7796019,0.6265594,0.4290095
348,0.8856780,0.5851938,1.0000000,0.5859885,0.9228091,0.4223873,0.7852635,0.7099723,0.1098888
349,1.0000000,0.5561987,1.0000000,0.7417366,0.7997660,0.3418214,0.8992754,0.7613427,0.3240555
350,0.9868769,0.3631995,1.0000000,0.7773020,0.6318038,0.2672723,0.8367112,0.8995914,0.2058712
351,1.0000000,0.4592291,1.0000000,0.8526048,0.7277565,0.5245174,0.8728513,0.3927745,0.3004475
352,0.9733387,0.5934202,1.0000000,0.7682295,0.6549775,0.2232315,0.7054656,0.6927876,0.4195701
353,1.0000000,0.2934348,1.0000000,0.9175442,0.4401784,0.5945229,0.6301150,0.8186762,0.2959143
354,1.0000000,0.8013131,1.0000000,0.8013916,0.5043713,0.6303635,0.6599669,0.5475191,0.2802042
355,0.9753034,1.0000000,1.0000000,0.9129765,0.7697148,0.4366003,0.8020897,0.7707621,0.1538376
356,0.9869051,0.4706026,1.0000000,0.4203604,0.7162981,0.0774267,0.7165183,0.6781724,0.3661363
357,1.0000000,1.0000000,1.0000000,0.8062771,0.6339111,0.3726147,0.8399847,0.8090494,0.2866398
358,1.0000000,0.7991395,0.9375000,0.6638604,0.6725288,0.3603294,0.6089370,0.6213381,0.1788060
359,0.9593849,0.6854642,1.0000000,0.8587659,0.3884495,0.6346829,0.7253160,0.3794673,0.2620805
360,0.9868992,0.6100672,1.0000000,0.8508397,0.4801258,0.4173198,0.8479248,0.5723106,0.4289146
361,0.9671650,0.6740968,1.0000000,0.8874552,0.8075461,0.7652726,0.9224967,0.7553399,0.4547761
362,0.9727693,0.3957708,1.0000000,0.8913262,0.4117639,0.5621052,0.7002390,0.7407732,0.0706471
363,0.9535043,0.6435429,1.0000000,0.8501227,0.7630037,0.1569075,0.7000705,0.7801758,0.2268570
364,0.9745849,0.6856633,1.0000000,0.6936674,0.5499522,0.2679825,0.6273417,0.8313556,0.4128308
365,0.9782951,1.0000000,1.0000000,0.8089621,0.5498303,0.4091578,0.5883568,0.5381785,0.3686595
366,0.9850621,0.4757056,1.0000000,0.7157339,0.3571788,0.4272074,0.8379316,0.6368335,0.3087613
367,0.9837864,0.6651670,1.0000000,0.5921725,0.5491531,0.6481088,0.8063918,0.3353956,0.4236629
368,0.9857265,0.7323044,1.0000000,0.7197203,0.4019512,0.4743518,0.9388989,0.8497504,0.1966014
369,0.9504127,0.4657608,1.0000000,0.8706116,0.7758797,0.4880541,0.6706468,0.7676557,0.2526822
370,0.9843448,0.2810585,1.0000000,0.3798434,0.5596076,0.5433346,0.9123469,0.8794355,0.2296031
371,0.9320815,1.0000000,1.0000000,0.7057939,0.3987679,0.1203007,0.5551823,0.6109616,0.3897619
372,0.9757800,0.5964766,1.0000000,0.9317244,0.6729198,0.2442564,0.8865960,0.4320674,0.2410705
373,0.9404813,0.6260747,1.0000000,0.6820039,0.6872379,0.6554829,0.7875768,0.6003509,0.1772575
374,0.9863559,0.3318400,1.0000000,0.6872599,0.7479704,0.3523607,0.6174366,0.8510685,0.3021579
375,0.9809503,0.9181519,1.0000000,0.3393488,0.6152408,0.5513370,0.7692283,0.5661001,0.3841670
376,0.9454102,0.6382951,1.0000000,0.9014211,0.5307243,0.4896033,0.8064126,0.6231619,0.2391313
377,0.9225953,0.6537194,1.0000000,0.7712702,0.5918205,0.6429318,0.7532330,0.7988371,0.4486030
378,0.9467947,0.7115584,1.0000000,0.6573575,0.6980428,0.4180150,0.8909951,0.6508582,0.5028005
379,0.9155281,0.7571036,1.0000000,0.8967485,0.6735970,0.6240904,0.7750493,0.7550090,0.3778940
380,0.9869052,0.6872479,1.0000000,0.8421122,0.3030075,0.4351845,0.8450940,0.6447366,0.0690149
381,0.9224770,0.7396605,1.0000000,0.5289427,0.6286306,0.4707593,0.6669942,0.8632748,0.3879080
382,0.9406464,0.8181261,1.0000000,0.8531590,0.5902249,0.1630083,0.8393280,0.6896153,0.1731520
383,0.9839465,0.7701332,1.0000000,0.7463916,0.5681744,0.4378469,0.6178003,0.6033102,0.4938252
384,0.9868986,0.4810395,1.0000000,0.5846742,0.6457487,0.4793032,0.7036112,0.7012275,0.4007431
385,1.0000000,0.5952729,1.0000000,0.7869693,0.8782268,0.3160080,0.9025336,0.6660452,0.3087150
386,0.9869049,1.0000000,1.0000000,0.8627594,0.6502611,0.6860937,0.5896633,0.4911663,0.5823105
387,0.7684527,0.6842153,1.0000000,0.4683671,0.5890729,0.5787571,0.7973358,0.7589913,0.3209585
388,0.9849198,0.5529588,1.0000000,0.8811793,0.3899359,0.3281871,0.5024891,0.6593529,0.4778375
389,0.9869047,0.8613442,1.0000000,0.5415228,0.4015788,0.5571025,0.7039830,0.7633984,0.3267502
390,1.0000000,0.4485791,1.0000000,0.6732525,0.5657807,0.5292783,0.7728017,0.6473400,0.2231230
391,0.9868396,0.8871340,1.0000000,0.7567286,0.6357025,0.3778025,0.4988154,0.8614440,0.2140678
392,0.9869048,0.3590973,1.0000000,0.7755106,0.7581915,0.5520676,0.7649181,0.7497930,0.5379382
393,0.9392286,0.6053887,1.0000000,0.8115562,0.6131388,0.6060803,0.7038117,0.5273639,0.4810736
394,0.9486694,0.5034656,1.0000000,0.7756028,0.7625802,0.3841699,0.9294030,0.6765986,0.5361647
395,0.9807308,0.4889034,1.0000000,0.6180834,0.6782317,0.5699064,0.7201752,0.5646086,0.2168025
396,0.9508094,0.8455047,0.9375000,0.7043211,0.4297921,0.4041606,0.7142405,0.7428035,0.4341863
397,0.9841749,0.4361486,1.0000000,0.8179168,0.6588483,0.3701246,0.8460357,0.6462440,0.1422472
398,0.9869051,0.5262643,1.0000000,0.6460311,0.8180891,0.5049191,0.7591705,0.5828006,0.7476139
399,0.9727094,0.7586790,1.0000000,0.9105045,0.4454081,0.2645940,0.7818400,0.6821008,0.3734383
400,0.9868767,0.6799147,1.0000000,0.6940169,0.5187618,0.4266875,0.6269804,0.8726874,0.5112777
401,0.9670435,1.0000000,1.0000000,0.8579356,0.7767460,0.4645050,0.7042904,0.6420783,0.3254816
402,0.9026307,0.1063936,1.0000000,0.7820494,0.7039478,0.3973804,0.8474615,0.7158455,0.2680490
403,0.9752463,0.5189043,1.0000000,0.5851873,0.7892648,0.2332856,0.5506136,0.7803655,0.4412618
404,0.9553249,1.0000000,1.0000000,0.6424515,0.6890869,0.5236610,0.7713306,0.8006223,0.3402729
405,0.8741732,1.0000000,1.0000000,0.8551619,0.5389843,0.6854439,0.8556713,0.7550090,0.3803863
406,0.9684391,1.0000000,1.0000000,0.8616715,0.6310765,0.7252650,0.7497311,0.6387009,0.2888594
407,1.0000000,0.1292131,1.0000000,0.7715777,0.5846392,0.5976141,0.6063791,0.5478014,0.3943913
408,1.0000000,1.0000000,1.0000000,0.6856922,0.7169332,0.6078607,0.5533360,0.5316570,0.1049208
409,0.9746802,0.5896065,1.0000000,0.5992694,0.6626494,0.3483969,0.5836254,0.6395650,0.3761611
410,0.9580289,1.0000000,1.0000000,0.5102367,0.5235686,0.4677553,0.7907016,0.6445324,0.6086132
411,0.9869013,0.4657652,1.0000000,0.7193690,0.8324603,0.3491479,0.3980677,0.8107568,0.3653992
412,0.9662395,0.6447190,1.0000000,0.7220941,0.7288693,0.2173585,0.5363229,0.5602519,0.6050493
413,1.0000000,0.7298319,1.0000000,0.9109438,0.7233428,0.4425942,0.8549192,0.5209894,0.4429064
414,1.0000000,0.0263583,1.0000000,0.9223096,0.8805139,0.5218681,0.5083884,0.3047036,0.2729581
415,1.0000000,0.7318657,1.0000000,0.6580798,0.8376645,0.4589435,0.7830403,0.3749676,0.4775000
416,0.9863037,1.0000000,1.0000000,0.5632890,0.4760366,0.5391993,0.6041662,0.6868167,0.3838947
417,0.9769344,0.8252782,1.0000000,0.8186201,0.4959655,0.5525772,0.6745009,0.6911380,0.2214814
418,0.9818600,0.7217053,1.0000000,0.6714381,0.6576023,0.5842494,0.9449005,0.6446103,0.5836406
419,0.8799262,0.1554305,1.0000000,0.5499265,0.4310593,0.1245773,0.6274400,0.7143435,0.0970646
420,0.9866616,0.2041678,1.0000000,0.7382117,0.4573074,0.7156479,0.6180349,0.5103627,0.3339923
421,1.0000000,0.6350073,1.0000000,0.3887450,0.7701484,0.4391082,0.8236111,0.5412981,0.3313958
422,1.0000000,1.0000000,0.9375000,0.4701719,0.4057378,0.5021250,0.7649219,0.7831794,0.0621326
423,0.9869053,0.2286989,1.0000000,0.6960156,0.5070891,0.5318180,0.5280716,0.4723011,0.3833865
424,0.9827112,0.3852286,1.0000000,0.8402916,0.4818423,0.6838714,0.6625109,0.8997498,0.4463709
425,0.9328274,0.8848036,1.0000000,0.5864170,0.7795524,0.5224106,0.8871336,0.4872698,0.1555790
426,0.9474874,0.3938958,1.0000000,0.7319347,0.4452723,0.5532689,0.7309615,0.3844288,0.2574315
427,0.9714168,0.4526009,1.0000000,0.5093982,0.6292934,0.3921278,0.4637907,0.5070736,0.4525251
428,0.9869024,1.0000000,1.0000000,0.8156482,0.4632709,0.4022412,0.9308966,0.7849931,0.1007741
429,0.9770192,0.6519223,1.0000000,0.8599231,0.5730018,0.3480452,0.6921964,0.8122721,0.3548596
430,1.0000000,0.5724609,1.0000000,0.7139747,0.8016157,0.4259470,0.7286393,0.5244030,0.1204068
431,0.9868748,0.8060442,1.0000000,0.6071124,0.6281566,0.5789837,0.9331304,0.8318636,0.1468430
432,0.9864357,0.7669831,1.0000000,0.8091713,0.4309708,0.6023680,0.8397888,0.6694220,0.3370995
433,1.0000000,0.3669315,1.0000000,0.8501363,0.8315367,0.4866716,0.8126530,0.4842781,0.5387569
434,0.9837059,0.3081328,1.0000000,0.8266641,0.7581612,0.5189704,0.7486286,0.5867745,0.3870075
435,0.9424055,0.4431039,1.0000000,0.6968448,0.7004111,0.5646508,0.7693431,0.7681426,0.3510403
436,1.0000000,0.8197442,1.0000000,0.8526606,0.6761455,0.6901491,0.5644228,0.6287851,0.2298223
437,1.0000000,0.5155854,1.0000000,0.9154883,0.7214280,0.3779062,0.8415204,0.7906992,0.1701885
438,0.9576582,0.7777940,1.0000000,0.8153960,0.7389506,0.4863943,0.8571074,0.9245804,0.5295176
439,0.9855973,0.7485223,1.0000000,0.8710241,0.8364105,0.6011900,0.6417578,0.6545788,0.1839762
440,0.9821897,0.7679682,1.0000000,0.6431613,0.8160755,0.3174046,0.8608089,0.6334005,0.4867877
441,0.9802558,0.6334370,1.0000000,0.7092101,0.3072926,0.5630046,0.7297530,0.2790854,0.5714728
442,0.9869053,1.0000000,1.0000000,0.8466367,0.8984814,0.7181218,0.7899889,0.7917053,0.1507193
443,0.9700944,0.5077103,1.0000000,0.8725672,0.5439458,0.2856950,0.6882143,0.7978811,0.4737287
444,0.9830475,0.4846685,1.0000000,0.6842420,0.7428074,0.5465768,0.6277255,0.8589947,0.2476917
445,1.0000000,1.0000000,1.0000000,0.8005953,0.5700218,0.4225357,0.5260134,0.8097000,0.1706002
446,0.9868763,0.6638143,1.0000000,0.5124619,0.7885902,0.6321852,0.8107779,0.8040895,0.3323828
447,0.9868464,0.4155491,1.0000000,0.6105323,0.2636242,0.2677449,0.7805613,0.7923091,0.3179957
448,1.0000000,0.7386142,1.0000000,0.8825144,0.5187744,0.5328997,0.6783321,0.7629677,0.5277201
449,0.9498078,1.0000000,1.0000000,0.8335088,0.8561163,0.4901072,0.7738452,0.6930478,0.2755573
450,0.9503899,0.6045251,1.0000000,0.8814183,0.5753738,0.5283042,0.5680117,0.6950684,0.2717527
451,0.9867719,0.6676524,1.0000000,0.6788512,0.7993629,0.3956143,0.7676313,0.9154340,0.3473113
452,0.9202884,0.7129430,1.0000000,0.7444709,0.3487613,0.4828897,0.4356085,0.6253500,0.1500909
453,0.9456717,0.4544466,1.0000000,0.8434088,0.6808772,0.7608015,0.6713241,0.5123429,0.3170269
454,0.9556677,1.0000000,1.0000000,0.7078163,0.6548460,0.5744326,0.7577013,0.7768700,0.3654507
455,0.8634372,0.5225324,1.0000000,0.9033756,0.7076223,0.4319652,0.6931423,0.4609541,0.2584384
456,0.9740469,0.5926095,1.0000000,0.7121369,0.4712151,0.4223282,0.8838881,0.5865270,0.5666158
457,0.9868709,0.0096043,1.0000000,0.8884652,0.7206950,0.3089795,0.6323239,0.8966367,0.1968820
458,0.9868247,0.5618049,1.0000000,0.8056792,0.5721568,0.5120734,0.5518927,0.7397145,0.5472918
459,0.9657451,0.0582312,1.0000000,0.8710423,0.3037587,0.2665744,0.7640320,0.5421469,0.4335784
460,0.9835411,0.0402494,1.0000000,0.8101598,0.8193529,0.5059907,0.7720972,0.8045258,0.3120683
461,0.8707934,0.7105743,1.0000000,0.7226747,0.8151089,0.6592909,0.2775396,0.6912522,0.4049017
462,0.9800965,0.6086179,1.0000000,0.7466378,0.6491676,0.5886976,0.6311537,0.7032466,0.2384337
463,1.0000000,1.0000000,1.0000000,0.7788992,0.8651334,0.4389410,0.6361634,0.7160605,0.2412738
464,0.9510666,0.1445877,1.0000000,0.6490639,0.7353641,0.6157399,0.6551269,0.4953273,0.4415979
465,0.9862219,0.8488855,1.0000000,0.8363293,0.8401809,0.4225441,0.4932636,0.6277308,0.6274207
466,0.9814624,0.4501801,1.0000000,0.9319127,0.9147915,0.5131478,0.9080777,0.4968819,0.1115081
467,0.9798474,0.8684078,1.0000000,0.6400890,0.4685672,0.5480631,0.6261667,0.5383785,0.0211005
468,0.7521210,0.3682372,1.0000000,0.5007248,0.5055845,0.4300227,0.7675827,0.7449903,0.3494531
469,0.9839976,1.0000000,1.0000000,0.7609843,0.7176869,0.4389158,0.4825490,0.6324915,0.1532846
470,1.0000000,0.5709476,1.0000000,0.8488379,0.7180825,0.4864963,0.7149592,0.8208867,0.4718909
471,1.0000000,0.4064212,1.0000000,0.4537888,0.8578233,0.5240916,0.8190068,0.8574402,0.4833473
472,0.9829760,0.2647216,1.0000000,0.8060914,0.6583550,0.3903254,0.7558295,0.7198539,0.2656658
473,0.9853709,0.7878927,1.0000000,0.7506260,0.4565195,0.4148566,0.6984688,0.7686570,0.6870253
474,1.0000000,1.0000000,1.0000000,0.7393806,0.4352226,0.5430510,0.8835446,0.2623091,0.2942501
475,0.9696900,1.0000000,1.0000000,0.7179438,0.3253563,0.7012099,0.8349839,0.8593949,0.4122431
476,0.9760662,0.4622807,1.0000000,0.8917242,0.6183853,0.5998043,0.5878110,0.5952767,0.2772337
477,0.9868286,0.7866133,1.0000000,0.6843486,0.2888458,0.6147212,0.9012226,0.7512220,0.1199868
478,0.9609884,0.4551426,1.0000000,0.6807630,0.7935628,0.3815644,0.7375887,0.7704068,0.2503537
479,1.0000000,1.0000000,1.0000000,0.7624972,0.8165796,0.4656840,0.9070001,0.4972413,0.7368795
480,0.9642534,0.5653956,1.0000000,0.8960543,0.3650635,0.4733398,0.4775383,0.5941290,0.5336035
481,1.0000000,0.5226155,1.0000000,0.7764015,0.4473675,0.7978081,0.9033269,0.5304917,0.2846348
482,0.6996612,0.1518833,1.0000000,0.8733073,0.8107751,0.5075235,0.8240667,0.4064441,0.4334021
483,0.9633681,0.7966715,1.0000000,0.7141498,0.4283486,0.4696211,0.8836154,0.6850418,0.2296327
484,0.9808036,0.7973098,1.0000000,0.7112768,0.3597699,0.5141085,0.7588436,0.7932894,0.5131364
485,0.9869007,0.5880666,1.0000000,0.5826668,0.6486370,0.5506121,0.6012609,0.4042873,0.1348153
486,1.0000000,0.4719397,0.9375000,0.6787227,0.6219210,0.4116737,0.8220112,0.7677519,0.1850034
487,0.9868911,0.4759533,1.0000000,0.7398360,0.7075319,0.4513936,0.8313579,0.7733523,0.0829405
488,0.9621024,0.8584478,1.0000000,0.5529875,0.4923010,0.4129031,0.7957249,0.4281142,0.3144543
489,0.9334640,0.2665100,1.0000000,0.7974550,0.8051218,0.5378651,0.7527397,0.8150670,0.5515785
490,1.0000000,1.0000000,1.0000000,0.4548336,0.7089178,0.2169248,0.6751072,0.8609390,0.2265951
491,0.9720939,0.3791958,1.0000000,0.6450871,0.7135248,0.7360773,0.9001982,0.7751748,0.2399408
492,0.9869052,0.2695482,1.0000000,0.8898005,0.5911724,0.7255069,0.7879061,0.3933683,0.3270390
493,0.9147743,0.5777525,1.0000000,0.7020726,0.2459991,0.4214042,0.5728623,0.6309461,0.3442129
494,0.9667192,0.4962667,1.0000000,0.8926298,0.7013411,0.6055014,0.7148809,0.3382062,0.4090448
495,0.9297447,0.6240107,1.0000000,0.6879781,0.7996989,0.6424517,0.8261535,0.2988532,0.3624241
496,0.9508416,0.8717532,1.0000000,0.8748288,0.4046416,0.7270189,0.8527138,0.7506884,0.4536330
497,0.9797171,0.4199322,1.0000000,0.5496246,0.5485892,0.2155628,0.8695526,0.6602237,0.2164956
498,0.9492823,0.5639212,1.0000000,0.9537166,0.7008842,0.6038414,0.9250628,0.5462731,0.3743281
499,0.9663436,0.6146317,1.0000000,0.6033053,0.5952532,0.6379130,0.8034457,0.7903769,0.3915856
500,0.9868957,0.4486004,1.0000000,0.8562126,0.4413808,0.4532979,0.8324392,0.6779675,0.0859205
501,0.9445448,1.0000000,1.0000000,0.6736742,0.6816550,0.3781709,0.8000923,0.7301211,0.2477464
502,1.0000000,1.0000000,1.0000000,0.7866915,0.5823926,0.4901956,0.6074101,0.6646751,0.1731708
503,0.9475072,0.6268563,1.0000000,0.6944894,0.5514919,0.4366623,0.5687056,0.5252937,0.4143462
504,0.9522755,0.5952283,0.9375000,0.9000754,0.7020376,0.5037931,0.5986178,0.7299399,0.4458008
505,0.9741221,0.7105978,1.0000000,0.8234451,0.5568527,0.5569556,0.5912162,0.6258474,0.2042251
506,0.9694798,1.0000000,1.0000000,0.6366882,0.8379502,0.4496888,0.8485712,0.6069802,0.2476543
507,0.9868359,0.4500882,1.0000000,0.9334124,0.7817093,0.4761783,0.7147065,0.7694683,0.3323014
508,0.9402175,0.3651018,1.0000000,0.6143183,0.6296741,0.4918857,0.7624735,0.8044432,0.1506642
509,0.9850086,1.0000000,1.0000000,0.7374170,0.2896799,0.6100267,0.7968915,0.6764007,0.1985026
510,0.9867639,0.5318844,1.0000000,0.9115591,0.5662123,0.4801787,0.7505028,0.6274456,0.2236034
511,0.9548001,0.7085806,1.0000000,0.6892807,0.8120743,0.4394433,0.6558581,0.6057568,0.3264592
512,0.9568378,0.4031068,1.0000000,0.4754481,0.3942660,0.5841675,0.9539821,0.7489310,0.1548990
513,1.0000000,0.8219322,1.0000000,0.9224433,0.3831578,0.5725488,0.7856526,0.7360388,0.6135446
514,0.9586284,0.1133491,1.0000000,0.5697252,0.5625618,0.4876342,0.7193927,0.6832383,0.2525647
515,0.9825691,0.6636876,1.0000000,0.8721981,0.5736322,0.5496939,0.7410832,0.5458964,0.2352004
516,0.9711139,0.4524279,1.0000000,0.8052342,0.7095872,0.5437827,0.7097054,0.4911807,0.4610742
517,0.9813201,0.4761879,1.0000000,0.6316679,0.4431061,0.5012115,0.6969882,0.4034424,0.5001612
518,1.0000000,0.3363010,1.0000000,0.8013788,0.8880731,0.6090338,0.5073741,0.5048510,0.2739854
519,0.9382013,1.0000000,1.0000000,0.6905381,0.6844271,0.6284567,0.7937199,0.4067543,0.1836387
520,0.9856513,1.0000000,1.0000000,0.8211161,0.7007198,0.5107007,0.7983501,0.4725420,0.3039626
521,1.0000000,0.3660501,1.0000000,0.5808320,0.3113392,0.5138509,0.9149811,0.8452445,0.4152565
522,1.0000000,1.0000000,1.0000000,0.8022726,0.8574157,0.4659816,0.4829949,0.7645226,0.4297803
523,0.9812482,1.0000000,1.0000000,0.5796887,0.7472499,0.2983950,0.7652729,0.8162467,0.3077631
524,0.9868096,0.5420470,1.0000000,0.7620383,0.6867875,0.3416477,0.8213132,0.8409482,0.2217108
525,0.9452833,0.3107092,1.0000000,0.7836617,0.5133347,0.6375697,0.9454771,0.6248199,0.6430194
526,0.9670981,1.0000000,1.0000000,0.9138747,0.3167355,0.7851342,0.8299961,0.5818817,0.1679703
527,0.9854658,0.1672983,1.0000000,0.8370115,0.6269392,0.1908686,0.8461276,0.5825339,0.3546369
528,0.9858714,0.2201282,1.0000000,0.6908774,0.8420848,0.2718329,0.6403879,0.6748485,0.2685339
529,0.9231724,0.6206113,1.0000000,0.7298475,0.7173354,0.2880313,0.7856389,0.6575148,0.1934493
530,0.9746575,0.5932291,1.0000000,0.8080235,0.6911935,0.3493094,0.7242720,0.6576546,0.2446102
531,1.0000000,0.3276449,1.0000000,0.8039568,0.4117246,0.3472178,0.7558086,0.5631802,0.1962055
532,0.9819935,1.0000000,1.0000000,0.6276045,0.5960187,0.2499224,0.7367189,0.7378896,0.1447879
533,1.0000000,0.3882717,1.0000000,0.9531204,0.6346735,0.6950366,0.8016677,0.8269069,0.3289877
534,0.9355574,0.0617585,1.0000000,0.5748957,0.6357875,0.5621805,0.9178404,0.4428668,0.4981363
535,0.9866859,0.1336005,1.0000000,0.7502596,0.6580565,0.4659230,0.8396177,0.6935402,0.1996922
536,0.9282360,0.7542845,1.0000000,0.7576948,0.3413941,0.4973576,0.7809535,0.7653701,0.1324997
537,0.9865118,0.7856394,1.0000000,0.8207663,0.6413600,0.4610842,0.8118035,0.7756428,0.3877849
538,1.0000000,0.5572242,1.0000000,0.5748378,0.7022555,0.2787640,0.8253055,0.7396870,0.1392722
539,0.9869037,0.2774855,1.0000000,0.7255252,0.4151280,0.2951511,0.6484639,0.8594322,0.5255035
540,0.9849543,0.4804564,1.0000000,0.5117592,0.9221271,0.2796975,0.4393017,0.7081468,0.6086084
541,1.0000000,0.7739909,1.0000000,0.7530264,0.4665127,0.6792286,0.7742312,0.7622523,0.2550559
542,1.0000000,0.3632605,1.0000000,0.8354206,0.3305523,0.2710048,0.8115491,0.4404621,0.4234204
543,0.9868806,0.3174937,1.0000000,0.7795103,0.6727591,0.5887762,0.6322554,0.9095878,0.3753024
544,0.9820313,1.0000000,1.0000000,0.9092877,0.5979020,0.3935135,0.8335713,0.8251093,0.5291639
545,0.9603685,0.7906505,1.0000000,0.6677179,0.4847101,0.3511367,0.8901154,0.7895050,0.2442573
546,0.9868425,0.2608448,1.0000000,0.7216490,0.5809129,0.4274311,0.8820833,0.7019467,0.1358214
547,1.0000000,0.7972715,1.0000000,0.6934390,0.5973666,0.4925904,0.6102966,0.7052413,0.0665469
548,1.0000000,0.7086673,1.0000000,0.7568033,0.6306996,0.5243199,0.9044321,0.7954335,0.4300071
549,0.9130608,0.6060982,1.0000000,0.7040003,0.8375387,0.4850331,0.5928820,0.6348633,0.2186574
550,0.9171626,0.4291503,1.0000000,0.6316299,0.6145908,0.3890537,0.8387956,0.8080578,0.2358130
551,0.9853672,0.2644372,1.0000000,0.8589850,0.5964040,0.4231899,0.5047883,0.4937788,0.4424639
552,0.9290507,1.0000000,1.0000000,0.3837568,0.6351813,0.6345885,0.5280011,0.8537290,0.3504112
553,0.9868328,1.0000000,1.0000000,0.7004141,0.4097829,0.5310299,0.6116150,0.5915015,0.5864550
554,0.8929016,0.7950875,0.9375000,0.7450680,0.5305160,0.7129928,0.7531359,0.3850740,0.0465700
555,1.0000000,0.7055747,1.0000000,0.6005248,0.5179905,0.5299869,0.7874438,0.3885231,0.2239428
556,0.9863953,0.5990935,1.0000000,0.6371285,0.5367860,0.2058227,0.4495751,0.7566651,0.2716426
557,0.9737415,0.5965132,1.0000000,0.7977290,0.8878219,0.4383208,0.5832956,0.6460283,0.1647052
558,0.7627298,0.0755656,1.0000000,0.7076427,0.3823160,0.7660987,0.7622311,0.6096458,0.5177319
559,0.9851960,0.8092556,1.0000000,0.7522857,0.5569727,0.5429477,0.7444063,0.5196956,0.3534378
560,1.0000000,0.6466236,1.0000000,0.7259444,0.8030882,0.3533944,0.7423041,0.8551767,0.4677558
561,0.9869047,0.7278805,1.0000000,0.7927138,0.5943633,0.2554117,0.7958319,0.7281171,0.1517623
562,1.0000000,0.5160804,1.0000000,0.7827132,0.7522730,0.3825857,0.5871133,0.6154552,0.3040126
563,0.9867338,0.3975156,1.0000000,0.2962078,0.5265712,0.6488743,0.7065812,0.6572602,0.3275154
564,0.9850464,0.5251499,1.0000000,0.8139851,0.6909171,0.5787634,0.8166271,0.7146644,0.2731986
565,0.8749394,0.6254064,1.0000000,0.8142973,0.8422128,0.3468477,0.7568443,0.7528685,0.5348671
566,0.9060346,0.7213107,1.0000000,0.5429856,0.7220600,0.5389999,0.7459534,0.5175517,0.1966452
567,0.9726672,0.0515604,1.0000000,0.8516111,0.5403419,0.4872199,0.9071942,0.7547300,0.1967035
568,0.8772047,0.2417954,1.0000000,0.8674542,0.3376167,0.3496318,0.4082951,0.8336533,0.2036212
569,0.9800277,0.6520720,1.0000000,0.8195940,0.7252463,0.2996257,0.6550842,0.6039975,0.4884839
570,0.9054627,0.4884228,1.0000000,0.8468207,0.6083691,0.4399189,0.6923197,0.6545864,0.5857810
571,1.0000000,0.4289457,1.0000000,0.7624949,0.4693985,0.5362463,0.9483235,0.8501264,0.2608675
572,0.9413782,0.4499384,1.0000000,0.8110619,0.5246307,0.5899289,0.6640182,0.8815393,0.2110566
573,0.9469129,0.6295144,1.0000000,0.6452826,0.6641842,0.4048064,0.6376816,0.4114731,0.2099512
574,0.9451020,0.6044915,1.0000000,0.7972037,0.5749813,0.3909824,0.7097444,0.6403228,0.2173214
575,0.9845745,0.6729880,1.0000000,0.3929466,0.9130439,0.4820598,0.4690797,0.6663782,0.3553044
576,0.9869053,1.0000000,1.0000000,0.7324801,0.4813021,0.5705913,0.7926305,0.6640195,0.3316591
577,0.9864099,0.6028496,1.0000000,0.6694743,0.7673040,0.2949761,0.7815558,0.9316877,0.3100158
578,1.0000000,0.7895329,1.0000000,0.8306710,0.7994237,0.4757785,0.8276210,0.6527402,0.2107652
579,1.0000000,0.5581652,1.0000000,0.6068764,0.5304613,0.5842198,0.6255447,0.5780103,0.5022513
580,0.8996210,0.8719529,1.0000000,0.4530251,0.8182587,0.7194540,0.8424116,0.5689717,0.2916351
581,0.9527563,0.5000033,1.0000000,0.2285583,0.5689298,0.5764065,0.7711208,0.9008973,0.1831138
582,1.0000000,1.0000000,1.0000000,0.9105736,0.8465613,0.3755963,0.7976417,0.4003993,0.2687946
583,0.9731394,0.8358756,1.0000000,0.8242649,0.4284354,0.2955937,0.6841619,0.5439213,0.1979384
584,0.9790187,0.4097186,1.0000000,0.4608993,0.6940408,0.8271025,0.8029511,0.8045960,0.3525869
585,0.9863008,0.2565063,1.0000000,0.8719406,0.5185433,0.1620323,0.7282263,0.6125333,0.4883794
586,0.9555290,0.5440272,1.0000000,0.5642759,0.8499611,0.4898693,0.8977100,0.7645931,0.3828848
587,0.8779935,0.8274795,1.0000000,0.6939469,0.6577949,0.4526065,0.7522566,0.4886176,0.3152312
588,1.0000000,0.6118829,1.0000000,0.8384031,0.7329194,0.6694482,0.6906582,0.5888321,0.5524220
589,1.0000000,0.4514833,1.0000000,0.8834755,0.8211346,0.3090886,0.6730794,0.6340373,0.3762054
590,1.0000000,0.4109517,1.0000000,0.8105603,0.6970456,0.5654038,0.7318739,0.5582918,0.5703971
591,0.9747859,0.7625116,1.0000000,0.6652707,0.3984239,0.3648208,0.8041352,0.6939305,0.1514686
592,0.9728328,0.8162745,1.0000000,0.6734542,0.5520845,0.6601184,0.7755381,0.6048638,0.4409174
593,0.9857324,0.3490022,1.0000000,0.6958128,0.6720876,0.6988570,0.7402728,0.7128219,0.3696504
594,0.9682107,0.6003552,1.0000000,0.7107090,0.5675176,0.4801833,0.8909461,0.7080362,0.6114143
595,0.9865115,0.5361842,0.9375000,0.7529791,0.6486102,0.4715613,0.5603457,0.6278628,0.3337967
596,0.9824579,0.1054783,1.0000000,0.7674874,0.5989733,0.5985642,0.8027136,0.5864661,0.4762121
597,0.9490050,0.8012574,1.0000000,0.7108331,0.5842462,0.5946585,0.8619621,0.6096768,0.3417002
598,0.9869053,0.5395416,1.0000000,0.8411759,0.3899727,0.4360273,0.6922420,0.8003287,0.3680638
599,0.9829404,1.0000000,1.0000000,0.6808842,0.6570341,0.6155547,0.6890572,0.7063412,0.2473780
600,0.9863343,0.2366875,1.0000000,0.8069964,0.6426613,0.2382541,0.6980150,0.6034352,0.4462843
601,0.9685585,0.1235879,0.9375000,0.7051920,0.3965348,0.4115475,0.4978581,0.8134811,0.2279070
602,0.9866100,0.6429332,1.0000000,0.8533810,0.6024032,0.5389058,0.6598362,0.6019053,0.2647065
603,0.8036738,1.0000000,1.0000000,0.7692454,0.6266130,0.4489431,0.7327382,0.8547478,0.1878268
604,0.9448593,1.0000000,1.0000000,0.6553298,0.5268077,0.2428209,0.8010176,0.5832559,0.2849966
605,0.9788206,0.5602309,1.0000000,0.7712907,0.6546297,0.5099076,0.5530185,0.5663765,0.2839026
606,0.9767659,0.6765065,1.0000000,0.8037581,0.5640486,0.5909661,0.8052488,0.6828100,0.3043882
607,1.0000000,0.3983458,0.9375000,0.6951331,0.4004347,0.5211793,0.8712123,0.8161514,0.2765726
608,0.9036241,0.6160213,1.0000000,0.8566455,0.3243442,0.4544446,0.7370528,0.7727594,0.1330950
609,1.0000000,0.8776214,1.0000000,0.7414491,0.7730252,0.4518344,0.8484932,0.7201939,0.4536999
610,0.8889526,0.4334966,1.0000000,0.8260751,0.6456025,0.3821447,0.9065419,0.7777477,0.1589911
611,0.8069750,1.0000000,1.0000000,0.8743371,0.6633504,0.6887072,0.8604498,0.7737143,0.1831137
612,0.9781657,0.7649583,1.0000000,0.5805075,0.6820326,0.2891171,0.8216263,0.4106769,0.6649460
613,0.9744968,0.6922118,1.0000000,0.7615513,0.7175173,0.4703550,0.5453366,0.4443340,0.3506066
614,0.9859663,0.4894230,1.0000000,0.8154366,0.7139822,0.5235547,0.9093827,0.5869651,0.2315998
615,0.9803670,0.6107192,1.0000000,0.8402499,0.8236391,0.2406456,0.8107491,0.4576952,0.2357245
616,0.8926577,0.3976640,1.0000000,0.6984160,0.5661620,0.5080591,0.7147636,0.4671640,0.3889016
617,1.0000000,0.5762148,1.0000000,0.4988367,0.5602331,0.4551584,0.8890746,0.7904082,0.1229093
618,0.9863843,0.0820211,1.0000000,0.8364588,0.6320415,0.3532037,0.7710014,0.5649255,0.6067119
619,0.9697419,0.8750035,1.0000000,0.8017494,0.8900367,0.4783048,0.8386309,0.6479110,0.1416155
620,0.9267263,0.0548271,1.0000000,0.7736934,0.5482838,0.3048179,0.7410072,0.7705917,0.3470630
621,0.9737746,0.5291623,1.0000000,0.7669851,0.7536127,0.2762504,0.8637097,0.8985251,0.2454300
622,1.0000000,0.4403210,1.0000000,0.8959351,0.5798915,0.5140715,0.7985511,0.7882486,0.0882814
623,0.9868762,0.6947149,1.0000000,0.7439083,0.5446083,0.4099277,0.8311918,0.7144983,0.2400773
624,0.9860403,1.0000000,1.0000000,0.8639799,0.6686581,0.6743032,0.7792647,0.5792497,0.3600678
625,0.7746816,1.0000000,1.0000000,0.5272304,0.5949387,0.5361685,0.6873864,0.6366799,0.3206540
626,0.9563149,0.7849277,1.0000000,0.8716720,0.8155799,0.5095556,0.7812940,0.7512885,0.3722044
627,0.9869051,0.0790575,1.0000000,0.6888171,0.5063401,0.7615078,0.7169632,0.7606317,0.1442671
628,1.0000000,0.5572812,1.0000000,0.8738818,0.7061568,0.5725240,0.8285238,0.5942177,0.3060598
629,1.0000000,1.0000000,1.0000000,0.8728403,0.6872698,0.5368429,0.6098784,0.1931237,0.4252599
630,0.9862125,0.5615201,1.0000000,0.8641382,0.5938097,0.7464684,0.9116033,0.6864157,0.6153053
631,0.9416988,0.6933811,1.0000000,0.6396182,0.4420244,0.4810098,0.8395578,0.6105085,0.3055370
632,0.9837239,1.0000000,1.0000000,0.7530096,0.6302824,0.3316498,0.5554906,0.7341205,0.0793995
633,0.9849199,0.7500823,1.0000000,0.6415699,0.6735251,0.3398258,0.6125948,0.8358134,0.2810871
634,0.9089832,0.7119193,1.0000000,0.7224545,0.4915143,0.5246356,0.5970629,0.8634647,0.1777889
635,0.9866389,0.5933249,0.9375000,0.4773116,0.5549317,0.4574852,0.6647478,0.6893704,0.6641612
636,0.9866198,0.5718250,1.0000000,0.7797088,0.8383717,0.5347189,0.6312756,0.5208191,0.3467882
637,1.0000000,1.0000000,1.0000000,0.8625949,0.8582913,0.6142645,0.9347968,0.5284385,0.1828870
638,0.9856299,0.0448448,1.0000000,0.7332786,0.8091140,0.4322055,0.5893998,0.8873819,0.4750416
639,0.9623960,0.8602212,1.0000000,0.7886704,0.6283196,0.2757444,0.5718081,0.8206508,0.1984893
640,0.9313461,0.8014328,1.0000000,0.7898710,0.5842036,0.2901626,0.6673394,0.7450973,0.1482866
641,1.0000000,1.0000000,1.0000000,0.7195245,0.8097188,0.4046058,0.8353262,0.9726566,0.1430117
642,1.0000000,1.0000000,1.0000000,0.7697701,0.5261116,0.5774787,0.6977437,0.4634102,0.2533934
643,0.9868908,0.6850163,1.0000000,0.8817702,0.5979734,0.6206156,0.7712688,0.7900207,0.4033944
644,0.9662932,0.5303972,1.0000000,0.4765772,0.6260072,0.4496409,0.5217090,0.7733625,0.3604016
645,0.9869051,0.6818004,1.0000000,0.7440935,0.6290701,0.4382836,0.7456553,0.6403986,0.5174257
646,0.9502721,0.6851424,1.0000000,0.5275380,0.7488941,0.4003735,0.7265541,0.7193416,0.2816684
647,0.9736090,1.0000000,1.0000000,0.8450156,0.4092749,0.2914018,0.4880671,0.6277840,0.1624038
648,0.9187118,0.1804075,1.0000000,0.7303348,0.5823738,0.5231153,0.6084983,0.6044999,0.3276106
649,0.9622048,0.5859650,1.0000000,0.5675247,0.4982426,0.6514957,0.6911097,0.3993212,0.2918041
650,0.9662821,0.4379735,1.0000000,0.5322267,0.8337691,0.6710578,0.8809878,0.5459024,0.1480994
651,1.0000000,0.2184058,1.0000000,0.7086249,0.6146400,0.7737948,0.8020145,0.7857744,0.2248569
652,1.0000000,0.7713775,1.0000000,0.6353474,0.6338638,0.9162767,0.9384137,0.6333945,0.6215361
653,1.0000000,0.6771690,1.0000000,0.8325800,0.7033182,0.2778739,0.8186387,0.8936256,0.4464282
654,1.0000000,0.0958120,1.0000000,0.5870488,0.5970976,0.6238528,0.6733988,0.8524823,0.3612161
655,1.0000000,0.4000093,1.0000000,0.6025633,0.6292869,0.2597623,0.8508204,0.6096007,0.3807077
656,0.9863774,0.4478860,1.0000000,0.8268927,0.8090936,0.3770939,0.7360425,0.7329967,0.3198974
657,0.9867874,0.6191635,0.9375000,0.8362990,0.5047846,0.2161370,0.7510661,0.8193375,0.4903815
658,1.0000000,1.0000000,1.0000000,0.9022613,0.7731089,0.4630716,0.7455409,0.6342802,0.0956378
659,0.9746989,0.2427144,1.0000000,0.7715457,0.2697583,0.6417187,0.7547773,0.6256306,0.1444073
660,0.9869053,0.7315066,1.0000000,0.8061271,0.5789190,0.7702297,0.3775995,0.7146146,0.2531701
661,0.9836751,1.0000000,1.0000000,0.6975044,0.6412596,0.2364801,0.7443688,0.8174543,0.3059088
662,0.9659930,0.3363949,1.0000000,0.8767731,0.5394129,0.3542833,0.8006614,0.4614118,0.2337603
663,1.0000000,0.4640908,1.0000000,0.7912806,0.5632513,0.5549723,0.7402841,0.7010547,0.2286545
664,0.9869051,1.0000000,1.0000000,0.8447465,0.6637089,0.5643943,0.7957875,0.7079870,0.3853916
665,1.0000000,0.7340376,1.0000000,0.8551841,0.2859547,0.5888519,0.7961898,0.8277668,0.3982793
666,1.0000000,0.6130276,1.0000000,0.7361496,0.6200843,0.4268787,0.7034805,0.6902156,0.3056361
667,0.9622644,0.7860021,1.0000000,0.7426692,0.5033689,0.6288293,0.8514397,0.6539028,0.3114474
668,0.7139595,0.2177067,1.0000000,0.8944928,0.4601702,0.5608210,0.7864972,0.4112670,0.2689822
669,0.9868645,1.0000000,1.0000000,0.6327089,0.6025745,0.5648764,0.7950392,0.6502872,0.3855992
670,0.9204700,1.0000000,1.0000000,0.8303263,0.4542373,0.5515970,0.8953121,0.9790660,0.6445069
671,0.9825602,0.3185735,1.0000000,0.6191658,0.8168253,0.8101507,0.7563811,0.6887635,0.3230363
672,1.0000000,1.0000000,1.0000000,0.6898632,0.9085662,0.6108879,0.7937818,0.7623718,0.4727945
673,1.0000000,0.1234449,1.0000000,0.6646831,0.6989321,0.7769475,0.6494808,0.4416845,0.2347245
674,0.9866912,0.5476867,1.0000000,0.9037889,0.5304547,0.6799640,0.6862902,0.7306366,0.2601469
675,0.9860071,0.5579576,1.0000000,0.7149558,0.6592324,0.2787585,0.8214426,0.7048557,0.5307716
676,0.9517430,1.0000000,1.0000000,0.9343464,0.8754660,0.4382970,0.6410350,0.7683758,0.3474109
677,1.0000000,0.2239088,1.0000000,0.5167692,0.4656442,0.4538578,0.5012070,0.6397144,0.1752734
678,1.0000000,0.5522061,1.0000000,0.8745691,0.5846986,0.6514110,0.7741456,0.5588891,0.3286672
679,0.9772842,0.4488545,1.0000000,0.8114484,0.6651166,0.3118680,0.9567565,0.7485924,0.2739381
680,0.9851453,0.3135964,1.0000000,0.7975991,0.6590382,0.6365369,0.7743299,0.7962863,0.2154742
681,0.9866735,0.5191544,1.0000000,0.8250882,0.5301219,0.3599215,0.7865971,0.6567858,0.5306141
682,0.9866448,0.4676305,1.0000000,0.8945160,0.7084590,0.7025353,0.7132437,0.4274405,0.1837931
683,0.9755264,0.3404541,1.0000000,0.9285366,0.4788876,0.4342292,0.5256438,0.8291271,0.2855946
684,0.9402844,0.7444619,1.0000000,0.5728110,0.5841862,0.6134158,0.7294477,0.6186182,0.4316041
685,0.9765401,1.0000000,1.0000000,0.8842436,0.7261027,0.5130682,0.7170122,0.6340305,0.2634796
686,0.9615770,0.7232094,1.0000000,0.6101173,0.8395069,0.4721448,0.8659937,0.6791112,0.5703181
687,0.9866392,0.5465980,1.0000000,0.5373125,0.5203421,0.4993038,0.6105141,0.7372367,0.2325217
688,0.8745890,0.5844364,1.0000000,0.8696725,0.4606214,0.6591498,0.7014972,0.8062330,0.4785956
689,0.9461345,0.5516908,1.0000000,0.6913534,0.7245871,0.3784436,0.5341574,0.8480568,0.5676222
690,0.9869053,0.3609699,1.0000000,0.8454503,0.7319768,0.7694680,0.6836126,0.8794037,0.0885863
691,0.9864890,0.5884427,1.0000000,0.7694437,0.4904094,0.2729114,0.5432553,0.5730023,0.5472893
692,0.9869023,0.0539699,1.0000000,0.7530304,0.5034140,0.5957391,0.8618604,0.7839047,0.1009833
693,0.9316110,1.0000000,1.0000000,0.5802686,0.7682650,0.4686403,0.6492647,0.8966225,0.4799542
694,0.9501159,0.8581406,1.0000000,0.7506944,0.4564754,0.3628327,0.8876631,0.5231854,0.2265070
695,0.9849356,0.5065131,1.0000000,0.6040323,0.7997943,0.6145941,0.8703001,0.8744831,0.2072166
696,0.7689224,0.5865482,1.0000000,0.7916071,0.5799976,0.2504325,0.7867935,0.6787543,0.3231052
697,0.9804133,0.7631180,1.0000000,0.5141398,0.6726432,0.6253234,0.5821653,0.6414304,0.2498861
698,1.0000000,1.0000000,1.0000000,0.8622205,0.5212966,0.4236204,0.4332742,0.7562019,0.7361264
699,0.9844652,0.5378567,1.0000000,0.7973073,0.2670553,0.7710214,0.6710213,0.6830442,0.3406555
700,0.9106343,1.0000000,1.0000000,0.8499588,0.7662529,0.2372623,0.8710876,0.9212146,0.5251814
701,0.9704987,0.7788008,0.9375000,0.7851676,0.5870217,0.5968383,0.4803491,0.8864457,0.6260219
702,0.9469994,0.6509940,1.0000000,0.7672959,0.8007617,0.5905048,0.8744126,0.6173144,0.0897312
703,0.9269285,0.7176629,1.0000000,0.9402575,0.5323668,0.6136404,0.9222821,0.7807621,0.3375648
704,0.9865817,0.7535355,1.0000000,0.9534165,0.6008606,0.6835889,0.7016072,0.7006865,0.1812918
705,0.9547277,0.6941833,1.0000000,0.7931468,0.7280764,0.6298549,0.7855624,0.7913074,0.4438970
706,0.9199640,0.5851194,1.0000000,0.8988261,0.5381533,0.6057477,0.4429406,0.7509557,0.4607825
707,0.9541261,0.1893146,1.0000000,0.9130843,0.6534591,0.4568434,0.8898005,0.5976149,0.4242256
708,1.0000000,0.4247252,1.0000000,0.7811591,0.5573073,0.5411810,0.8669204,0.6597520,0.5935939
709,0.9834425,0.7644484,1.0000000,0.8040482,0.8161590,0.4779977,0.8441517,0.5360919,0.0853850
710,0.9869053,1.0000000,1.0000000,0.6932421,0.8043467,0.3632963,0.6361943,0.8760956,0.4888578
711,1.0000000,0.4444453,1.0000000,0.7854283,0.6396116,0.4014955,0.6827854,0.8605225,0.1899236
712,0.6875337,0.4294941,1.0000000,0.6653107,0.5936006,0.7044200,0.5723440,0.1561760,0.1638239
713,0.9805629,1.0000000,1.0000000,0.6628047,0.7339014,0.4402591,0.8419395,0.7571684,0.4895088
714,0.9233863,0.7388577,1.0000000,0.7646333,0.4640928,0.4123919,0.7915817,0.8917380,0.3143114
715,0.9868268,0.5488492,1.0000000,0.8127685,0.7276131,0.3704356,0.6424004,0.5237966,0.1879759
716,0.9532372,0.4206555,1.0000000,0.8172180,0.7228499,0.4297921,0.8146257,0.7812610,0.2360325
717,0.9826173,0.6118369,1.0000000,0.7589278,0.6235045,0.5282085,0.8181082,0.7301106,0.3078594
718,1.0000000,0.9094503,1.0000000,0.7114069,0.5758254,0.5377941,0.6871974,0.6533182,0.5962040
719,0.9822457,0.5496662,1.0000000,0.5753708,0.5658522,0.2997667,0.7577673,0.3365100,0.5500033
720,0.9850180,0.3476511,1.0000000,0.8329467,0.5710691,0.5382536,0.6513498,0.8280624,0.4976642
721,0.9865441,0.7872931,1.0000000,0.8800650,0.7747003,0.1952587,0.8256743,0.6743534,0.3866644
722,0.9868441,0.5139378,1.0000000,0.7451497,0.6118831,0.4423381,0.9309586,0.6632903,0.3960327
723,1.0000000,0.4269319,1.0000000,0.4419024,0.7467621,0.4475218,0.8797293,0.7868964,0.4290432
724,0.9867699,0.7350199,0.9375000,0.8758256,0.4206990,0.6237704,0.8853176,0.4473100,0.2265082
725,0.9869053,0.6829126,1.0000000,0.5474596,0.4761846,0.4504629,0.6649953,0.5417748,0.2264842
726,0.9450600,0.7410532,1.0000000,0.8323749,0.5274337,0.4671254,0.9221560,0.8470444,0.5945469
727,0.9799623,0.8151388,1.0000000,0.5794310,0.5005877,0.4011664,0.8348182,0.4908719,0.0891604
728,1.0000000,0.4290242,1.0000000,0.6947070,0.4193906,0.4587487,0.7467781,0.4859289,0.3077738
729,1.0000000,0.1643218,1.0000000,0.7356326,0.6188430,0.5584044,0.7074977,0.5440226,0.3582421
730,1.0000000,1.0000000,1.0000000,0.8507416,0.6424676,0.4732923,0.8307259,0.7163573,0.3023005
731,0.9030018,0.6599146,1.0000000,0.7098618,0.7782284,0.2644775,0.6647215,0.4861473,0.1849563
732,0.9839892,0.8225123,1.0000000,0.6643722,0.7838997,0.6120320,0.8546419,0.5179230,0.5333916
733,0.9810121,1.0000000,1.0000000,0.8730934,0.4462917,0.4504575,0.7601267,0.8342243,0.3674994
734,0.7771592,0.6340701,1.0000000,0.6796662,0.8471045,0.4246107,0.6634623,0.5792515,0.4020257
735,1.0000000,0.4951204,1.0000000,0.7147232,0.6448055,0.3450596,0.6256515,0.5625563,0.2401398
736,0.9307467,0.1042534,1.0000000,0.7059891,0.6517739,0.7101017,0.7178408,0.6598083,0.2236933
737,1.0000000,0.3993631,1.0000000,0.7098183,0.4651647,0.4485794,0.6550469,0.6922128,0.4175463
738,0.9841468,0.8248668,1.0000000,0.9488854,0.8469328,0.5185107,0.5098710,0.8516718,0.4541621
739,0.9706555,0.7630769,1.0000000,0.8402818,0.4814896,0.4889201,0.6367600,0.5979225,0.5614648
740,0.9869011,0.4311463,1.0000000,0.5149227,0.4601518,0.2014653,0.6648417,0.7298954,0.1894274
741,1.0000000,0.2162707,1.0000000,0.7610966,0.6956772,0.3697192,0.6671087,0.5471363,0.5616067
742,0.9579203,0.6122182,1.0000000,0.8493107,0.7488113,0.5568097,0.4319915,0.5514722,0.1915173
743,0.9865612,0.6896660,1.0000000,0.5205451,0.7274359,0.3908600,0.7637706,0.5992964,0.1478578
744,0.8785429,0.1344492,1.0000000,0.8276881,0.6838672,0.4731191,0.8955724,0.6383972,0.5379158
745,0.8912126,1.0000000,1.0000000,0.8589250,0.7950417,0.6161087,0.6320095,0.6695443,0.4064508
746,0.9785922,0.6802032,1.0000000,0.6289588,0.9084572,0.2252190,0.7714796,0.9001514,0.2916797
747,0.9858482,0.8245082,1.0000000,0.7263153,0.5309774,0.3857643,0.6584386,0.7033875,0.2192664
748,1.0000000,1.0000000,1.0000000,0.8220832,0.6943263,0.6082371,0.7444785,0.8024969,0.3448940
749,0.9327862,0.2504560,1.0000000,0.6054092,0.6712934,0.5017406,0.6128295,0.6042193,0.4531015
750,0.9869037,0.7156539,1.0000000,0.8128405,0.6877924,0.2865575,0.7919713,0.8007803,0.3347054
751,0.9868595,0.2662571,1.0000000,0.7773246,0.8074689,0.4209151,0.5969311,0.5828933,0.0922182
752,0.9852128,0.8159066,1.0000000,0.7881934,0.5733187,0.5295741,0.7499352,0.6106021,0.2380654
753,1.0000000,0.6926679,1.0000000,0.5631384,0.6922667,0.3840356,0.6233345,0.6717976,0.1954316
754,0.9867506,1.0000000,1.0000000,0.6414264,0.5163804,0.6176640,0.8191345,0.6680567,0.1899405
755,0.9868033,0.6548783,1.0000000,0.7562281,0.5244294,0.4578820,0.8494188,0.5825515,0.2725180
756,1.0000000,0.7525197,1.0000000,0.5937680,0.8032226,0.4013144,0.8497751,0.5275748,0.3494085
757,0.9869043,0.6606878,1.0000000,0.8345807,0.4406982,0.6465254,0.7787558,0.6307790,0.3254005
758,0.9420576,0.2420765,1.0000000,0.8429798,0.6510173,0.3956732,0.8485208,0.8990365,0.4125738
759,1.0000000,0.7140624,1.0000000,0.8609301,0.6792191,0.6338780,0.6310266,0.6337450,0.2793639
760,1.0000000,0.0081866,1.0000000,0.8369504,0.5793272,0.5042805,0.6955006,0.9271911,0.4952755
761,0.9832663,1.0000000,1.0000000,0.6516755,0.7085530,0.4430517,0.5153871,0.4175695,0.1296316
762,0.9588009,0.6460125,1.0000000,0.8493540,0.7415935,0.3517295,0.7594238,0.6210131,0.2895456
763,0.9472301,0.1083246,1.0000000,0.8112291,0.8125952,0.4195212,0.7874727,0.2084313,0.3201003
764,1.0000000,0.6986798,1.0000000,0.7653734,0.6430468,0.5047599,0.8583657,0.8250720,0.3830644
765,0.9867685,1.0000000,1.0000000,0.8828328,0.7031541,0.5992022,0.7674992,0.9245842,0.7185069
766,0.9869053,0.3806262,1.0000000,0.6974802,0.5445583,0.2382299,0.7652572,0.8629030,0.4838703
767,1.0000000,0.2929990,1.0000000,0.4796206,0.4481423,0.4821559,0.6446994,0.8318946,0.3303788
768,1.0000000,0.4021885,1.0000000,0.8698753,0.8196269,0.3671848,0.9615878,0.6797100,0.2322500
769,0.9851965,0.7625439,1.0000000,0.5995887,0.4462650,0.3868258,0.5360981,0.8430137,0.2217509
770,0.9542810,1.0000000,1.0000000,0.7992205,0.7994560,0.4038704,0.5750112,0.8786526,0.3614857
771,0.7574029,0.5602188,1.0000000,0.5425747,0.4944283,0.4353771,0.7671389,0.4071825,0.1635728
772,0.9869013,0.7265480,1.0000000,0.5188332,0.3839520,0.4075993,0.8206614,0.7577602,0.4108689
773,0.9715324,0.3928435,1.0000000,0.7293654,0.5749032,0.4355603,0.6522344,0.8187680,0.5291478
774,0.9783903,0.6969589,1.0000000,0.8764544,0.6892391,0.4640583,0.9381321,0.7852295,0.6331617
775,0.9516920,0.5506550,1.0000000,0.8100708,0.4994289,0.3408504,0.8441078,0.4422287,0.5597419
776,0.8250880,0.7421244,1.0000000,0.5983091,0.7990202,0.4853641,0.8112862,0.2993857,0.2101224
777,0.9745854,0.7024316,1.0000000,0.7688789,0.7833851,0.6893062,0.6157676,0.8347460,0.2018581
778,0.9791420,0.3310259,1.0000000,0.8869028,0.5106147,0.5131560,0.9160602,0.8033368,0.2414038
779,0.9869035,0.5718396,1.0000000,0.8021820,0.7067799,0.6543490,0.7280239,0.7310144,0.5067376
780,0.9858661,1.0000000,1.0000000,0.7664123,0.6029909,0.3761286,0.7370749,0.4540981,0.1053633
781,0.8704003,0.7304641,1.0000000,0.6751896,0.7176944,0.6239939,0.6135575,0.3122225,0.4538738
782,0.9648584,0.5439328,1.0000000,0.8899299,0.6811241,0.3937920,0.7010356,0.7245474,0.3732240
783,1.0000000,0.2136691,1.0000000,0.7582311,0.8884461,0.7040268,0.6237400,0.4662130,0.1996812
784,0.9442711,0.6150589,1.0000000,0.9536692,0.5206801,0.8295415,0.6151775,0.5483558,0.2028504
785,0.9561580,0.8936729,1.0000000,0.7845341,0.5589879,0.3158851,0.8867893,0.7041986,0.2791389
786,0.9612175,1.0000000,1.0000000,0.9261232,0.6533362,0.4288024,0.8157872,0.4362436,0.1810413
787,0.9868766,0.2025644,1.0000000,0.8968117,0.5871157,0.7119720,0.4405782,0.7607871,0.4186535
788,0.9274922,0.7796189,1.0000000,0.6730366,0.6423297,0.4057928,0.7613770,0.7165263,0.2671431
789,0.9866685,0.4698666,0.9375000,0.7120856,0.6109593,0.4443681,0.6626898,0.9335403,0.3048359
790,0.9869046,0.2462896,1.0000000,0.7849041,0.7436387,0.4837537,0.7632858,0.3833799,0.4681795
791,0.9868961,0.4497709,1.0000000,0.6963697,0.7374733,0.6254930,0.4548032,0.5972476,0.2153431
792,0.9320664,0.6973849,1.0000000,0.7858077,0.6268807,0.5771363,0.5493079,0.5898449,0.6360520
793,0.9867365,0.5743614,1.0000000,0.6669737,0.6853625,0.6459053,0.8611736,0.5651343,0.4235970
794,0.9866682,0.7290654,1.0000000,0.9009244,0.7385080,0.4507412,0.6588533,0.6461548,0.3398130
795,0.6930927,0.7606699,1.0000000,0.7583430,0.5452141,0.6616057,0.5939980,0.6462596,0.6407260
796,0.9821599,1.0000000,1.0000000,0.8916597,0.5748809,0.5384260,0.9165710,0.8467039,0.1696397
797,0.9778405,0.6249278,1.0000000,0.9001985,0.5250864,0.4954066,0.8377051,0.7741522,0.3434280
798,0.9792989,0.5718310,1.0000000,0.8057098,0.4773932,0.6686145,0.6249964,0.5927589,0.5188892
799,0.9856500,0.6634054,1.0000000,0.9011670,0.5553426,0.4898284,0.7480562,0.5782497,0.4602911
800,1.0000000,0.6727795,1.0000000,0.7470999,0.8089509,0.4024011,0.6489372,0.6285685,0.4629139
801,0.9689711,1.0000000,1.0000000,0.7234786,0.7322401,0.4701653,0.7329216,0.5852161,0.6646426
802,0.8625702,0.4233390,1.0000000,0.4808209,0.7985280,0.6910089,0.6821014,0.7677383,0.3931956
803,0.9868975,0.3495950,1.0000000,0.8343445,0.3620126,0.3649460,0.7313108,0.7333441,0.5632564
804,1.0000000,0.2706638,1.0000000,0.8611400,0.8313915,0.5317009,0.8146600,0.7131900,0.3114244
805,0.8911081,0.5842655,1.0000000,0.6811763,0.6813978,0.5376217,0.7588567,0.7907167,0.3186921
806,0.9868903,0.7554927,1.0000000,0.7700555,0.6226046,0.7031042,0.7824512,0.6188097,0.4277808
807,1.0000000,0.5614778,1.0000000,0.6770020,0.4685256,0.4958468,0.8573523,0.6407349,0.1929255
808,0.9491292,0.2906471,1.0000000,0.8108665,0.6811388,0.3979481,0.5841353,0.6648531,0.4260436
809,1.0000000,0.4608259,1.0000000,0.7659639,0.7891810,0.7407628,0.8105294,0.6774929,0.5376261
810,1.0000000,0.7365632,1.0000000,0.9014682,0.7235342,0.6025275,0.5928943,0.7098874,0.1859186
811,0.9056216,1.0000000,1.0000000,0.7857837,0.5089554,0.6637137,0.9149286,0.5591904,0.3116261
812,0.9051647,0.4539879,1.0000000,0.6368081,0.5906025,0.3479804,0.6598799,0.7735672,0.2580004
813,0.9688250,0.5200341,1.0000000,0.6539304,0.5645723,0.5343814,0.6818432,0.3636223,0.4503144
814,1.0000000,0.6141568,1.0000000,0.5876498,0.6660709,0.6863572,0.8968387,0.5714243,0.1500709
815,0.9869053,0.5826758,1.0000000,0.9185088,0.6482091,0.3469054,0.6879599,0.4653927,0.3760518
816,0.8137961,0.2219475,1.0000000,0.7722255,0.6124655,0.2272882,0.8487144,0.8908634,0.3444262
817,1.0000000,0.2275788,1.0000000,0.6546638,0.5897156,0.2686109,0.8007334,0.5394439,0.4638226
818,0.9274993,0.8722780,1.0000000,0.6440357,0.8648400,0.2522330,0.7984007,0.6545107,0.1472364
819,0.9864694,1.0000000,1.0000000,0.6472625,0.3104020,0.5136993,0.6701069,0.8099018,0.3341637
820,0.9869004,1.0000000,1.0000000,0.8659522,0.6780888,0.4604608,0.8008949,0.7817044,0.0381067
821,0.9722384,0.3505913,1.0000000,0.7350113,0.6874392,0.4974963,0.7201718,0.6558088,0.1269463
822,0.9865678,0.4314182,1.0000000,0.7550717,0.6988599,0.5543670,0.8498667,0.4610268,0.1892940
823,0.8220973,0.6750195,1.0000000,0.6390982,0.5500316,0.7284950,0.7365686,0.9017173,0.6755797
824,0.9717374,0.4469964,1.0000000,0.8034864,0.7413166,0.4095934,0.8269045,0.8287174,0.5569007
825,0.9861187,0.4138746,1.0000000,0.5226450,0.6048460,0.7412100,0.5918147,0.6320510,0.2998252
826,0.9720178,0.1015262,1.0000000,0.7138362,0.5200729,0.6540651,0.9269699,0.8316947,0.0291946
827,1.0000000,0.4626861,1.0000000,0.5894383,0.7584643,0.5145082,0.6988348,0.6230796,0.2759186
828,1.0000000,1.0000000,1.0000000,0.8501446,0.5384434,0.7642192,0.8732841,0.8910307,0.5219134
829,0.9384157,0.1930939,1.0000000,0.7186341,0.5594287,0.4410680,0.8123503,0.7393910,0.1685018
830,0.9600155,1.0000000,0.9375000,0.9219447,0.7768807,0.2555718,0.8740586,0.8219164,0.4302297
831,0.9539499,0.4683225,0.9375000,0.8464757,0.4764588,0.5303406,0.5440077,0.6462682,0.2720238
832,0.9724721,0.5729885,1.0000000,0.7773874,0.7051494,0.4868751,0.8332327,0.7651902,0.1260996
833,0.9869003,0.0476347,1.0000000,0.6433003,0.7202679,0.4498935,0.8397734,0.5240120,0.2992625
834,1.0000000,0.5697073,1.0000000,0.6439289,0.7453308,0.4927541,0.8845507,0.6468304,0.2218712
835,0.9389200,0.7520502,1.0000000,0.6613803,0.6682811,0.6645909,0.5473309,0.8678550,0.5396775
836,0.8776378,0.4143884,1.0000000,0.5895549,0.7189851,0.3411767,0.6814796,0.5548501,0.3097216
837,0.9866448,0.6854933,1.0000000,0.8949030,0.6469928,0.2995394,0.6202373,0.7436447,0.2063083
838,0.8791589,1.0000000,1.0000000,0.8161074,0.5371980,0.6977840,0.8928508,0.6628809,0.3088607
839,0.9860377,1.0000000,1.0000000,0.6514376,0.7050921,0.3369114,0.8225761,0.8765433,0.2992473
840,0.9438061,1.0000000,1.0000000,0.7838120,0.6327690,0.3783072,0.6127174,0.6407498,0.5194955
841,0.9869041,0.2887472,1.0000000,0.6559469,0.9040830,0.4544104,0.5027831,0.5242061,0.3675539
842,0.9869033,0.3197605,1.0000000,0.7880493,0.5090167,0.6380932,0.7154560,0.8451362,0.2694797
843,0.9868891,0.3753249,1.0000000,0.6459988,0.7007689,0.3402006,0.6318405,0.5632025,0.5903477
844,0.9462109,0.7596548,1.0000000,0.7303355,0.5937485,0.3863365,0.6624436,0.5592631,0.3976201
845,1.0000000,1.0000000,1.0000000,0.8174923,0.7591198,0.4264726,0.6924847,0.7788325,0.1721228
846,0.9487769,0.6905534,1.0000000,0.5038135,0.7733292,0.3399612,0.7820927,0.8240331,0.0774903
847,0.9831691,0.1563943,1.0000000,0.5040243,0.6478219,0.5560891,0.4309325,0.6007303,0.2821656
848,0.9869025,0.1834192,1.0000000,0.8691716,0.7060543,0.3365701,0.8022376,0.5551389,0.5485145
849,0.9850361,0.5933479,1.0000000,0.4229897,0.7991422,0.8583285,0.4320367,0.7650711,0.6892686
850,0.9244993,0.8400091,1.0000000,0.5861662,0.3635874,0.6016718,0.7421136,0.7959269,0.4153451
851,0.9847250,1.0000000,1.0000000,0.6452364,0.4339789,0.3873860,0.6159962,0.5826580,0.2718538
852,1.0000000,1.0000000,1.0000000,0.7963854,0.7475867,0.4552812,0.8290290,0.5053706,0.2233323
853,0.8379022,1.0000000,1.0000000,0.8080942,0.7167482,0.4854076,0.5639560,0.9026793,0.3504776
854,0.9594744,0.8112825,1.0000000,0.8085316,0.7519661,0.3171393,0.5662683,0.8432971,0.2648326
855,1.0000000,0.6769007,1.0000000,0.7960132,0.3977006,0.5445926,0.5921015,0.8476664,0.1722138
856,0.8381738,0.8039873,1.0000000,0.8745844,0.3624794,0.6379793,0.7502275,0.7988190,0.5267877
857,1.0000000,0.7712213,1.0000000,0.6716308,0.6342407,0.5908902,0.5713754,0.7117443,0.3266997
858,0.9791647,1.0000000,1.0000000,0.5819011,0.5065930,0.6460567,0.8025137,0.3401857,0.4210729
859,0.9834763,0.0127793,1.0000000,0.7455373,0.7663429,0.7907445,0.8297560,0.5413679,0.3921642
860,0.9559937,0.4234040,1.0000000,0.8700496,0.9130109,0.2949458,0.8426743,0.8078329,0.3251622
861,0.9549153,0.7326260,1.0000000,0.8418792,0.7027466,0.4710746,0.7559147,0.6454839,0.3324503
862,0.9469530,1.0000000,1.0000000,0.7344863,0.4797732,0.4342561,0.7545272,0.7724889,0.6346694
863,0.9802838,0.5386091,1.0000000,0.8109202,0.8472785,0.2983705,0.7623313,0.6231034,0.4166249
864,0.8901970,0.5089327,1.0000000,0.8892448,0.4130182,0.6100043,0.7809331,0.6381387,0.2746457
865,1.0000000,1.0000000,0.9375000,0.9040585,0.5872887,0.6125064,0.8513586,0.7195708,0.4025718
866,0.9869053,0.2834870,1.0000000,0.7722155,0.3742700,0.2121902,0.7490244,0.7707519,0.3014568
867,0.9808161,0.5426890,1.0000000,0.8624407,0.8794374,0.4934734,0.6033620,0.7937232,0.3035722
868,1.0000000,0.5387632,1.0000000,0.7395659,0.6608961,0.3598973,0.6537462,0.6047662,0.2114379
869,0.9546540,1.0000000,1.0000000,0.5338722,0.7961839,0.4539075,0.6573240,0.9515704,0.2943273
870,0.9320146,0.8254165,1.0000000,0.7877138,0.4429877,0.5785461,0.8653416,0.7361466,0.4131936
871,0.9108047,0.7461168,1.0000000,0.8615591,0.5659115,0.6527560,0.6090683,0.7452790,0.1737538
872,0.9361667,1.0000000,1.0000000,0.7222309,0.6423599,0.3907084,0.7640616,0.7148367,0.3263543
873,0.9463581,0.1453751,1.0000000,0.6143677,0.5710957,0.3235160,0.8331901,0.6582750,0.1193928
874,0.9868513,0.5302965,1.0000000,0.6173996,0.5218016,0.6016093,0.6421664,0.6812912,0.2815332
875,1.0000000,0.7190495,1.0000000,0.8620541,0.8297690,0.3190210,0.7113847,0.4070439,0.3019764
876,0.9868848,0.6091366,1.0000000,0.6930314,0.6036594,0.5613686,0.5829473,0.9173486,0.4182153
877,0.9491190,0.4040872,1.0000000,0.7689131,0.5740313,0.4948482,0.6947047,0.6844735,0.2309317
878,0.9868163,0.6189511,1.0000000,0.8750103,0.7346819,0.3471561,0.7583989,0.6702265,0.2120053
879,0.9722346,0.7359400,1.0000000,0.7041453,0.6249916,0.6868080,0.5227231,0.6017601,0.2405408
880,0.9297602,0.6535654,1.0000000,0.9066885,0.6776409,0.3472790,0.8973698,0.7615239,0.2916853
881,1.0000000,0.8382640,1.0000000,0.7672973,0.6411907,0.4296550,0.6982274,0.6879295,0.3930348
882,1.0000000,0.7133362,1.0000000,0.9195711,0.5609536,0.5064620,0.6086127,0.7010790,0.3363350
883,0.9865004,0.7178963,1.0000000,0.7771492,0.6040898,0.2094032,0.6307679,0.8109298,0.1521497
884,0.9327914,0.4690395,1.0000000,0.7550133,0.5448631,0.5191895,0.9226459,0.5811037,0.4227580
885,0.9568881,0.8745808,1.0000000,0.8851778,0.5600480,0.4040610,0.4950709,0.8956952,0.1295903
886,0.9420625,0.6912287,1.0000000,0.4676799,0.5870177,0.7531897,0.8210393,0.7073838,0.1573811
887,1.0000000,0.3592284,1.0000000,0.5479655,0.6664337,0.5184546,0.8307959,0.7313465,0.2893095
888,1.0000000,1.0000000,1.0000000,0.8967427,0.9360983,0.6225198,0.7492589,0.6949547,0.3160182
889,0.9576334,0.7177233,1.0000000,0.6097931,0.8044105,0.1992961,0.5977087,0.8949305,0.3003439
890,0.9757144,0.5194453,1.0000000,0.7777051,0.6010251,0.4987324,0.5162015,0.4114389,0.0976068
891,0.9869052,0.8270624,1.0000000,0.6073263,0.5702238,0.4278070,0.5857513,0.3703920,0.2190152
892,1.0000000,0.5459310,1.0000000,0.5859086,0.8127828,0.7292657,0.5675768,0.6800306,0.2339324
893,0.9854499,0.7082233,1.0000000,0.8111959,0.6555740,0.5131282,0.7172447,0.6627369,0.3371799
894,0.9729047,0.7996117,1.0000000,0.4092134,0.6316479,0.4560905,0.8384930,0.5750601,0.3418355
895,0.9836816,0.5518212,1.0000000,0.7727596,0.5006702,0.5928343,0.5699352,0.6408089,0.3604194
896,0.9868990,0.1803598,1.0000000,0.6087097,0.8025185,0.7204635,0.5121906,0.7404757,0.3605677
897,0.9869053,1.0000000,1.0000000,0.7145127,0.7850759,0.2317794,0.7057025,0.6181365,0.3588176
898,0.9865277,0.7981767,1.0000000,0.6401089,0.6616160,0.2642939,0.7101439,0.6975943,0.1513137
899,0.9719655,1.0000000,1.0000000,0.6580741,0.7277419,0.3915234,0.8271455,0.5070434,0.3727888
900,1.0000000,0.5370635,1.0000000,0.7442038,0.6992959,0.1623455,0.3105590,0.7832989,0.3748582
901,0.9850820,0.5228774,1.0000000,0.7599159,0.8207483,0.5369632,0.4405125,0.4863468,0.4405232
902,0.9806413,1.0000000,1.0000000,0.6357102,0.5133891,0.4465409,0.8654196,0.7901748,0.4820473
903,1.0000000,0.3781888,1.0000000,0.8948694,0.4165279,0.5217847,0.9021148,0.5101577,0.2333036
904,0.9785216,0.3950547,1.0000000,0.8434510,0.6995260,0.7426266,0.6089762,0.6645898,0.3188103
905,0.9551156,0.5556656,1.0000000,0.8726319,0.6973709,0.5652345,0.9131351,0.6023144,0.4048465
906,0.9868232,0.3964466,1.0000000,0.7587044,0.6159580,0.3974128,0.7375204,0.6723504,0.4445162
907,0.9709358,0.5871050,1.0000000,0.9407270,0.5328432,0.5806183,0.8626873,0.7924577,0.2327093
908,0.9868391,1.0000000,0.9375000,0.9166328,0.7169265,0.5580919,0.5671700,0.4742412,0.5449480
909,1.0000000,1.0000000,1.0000000,0.8655044,0.6991885,0.5808872,0.7457175,0.6969795,0.5031981
910,1.0000000,0.8913398,1.0000000,0.7945606,0.7509084,0.3111590,0.7650527,0.8823186,0.1780348
911,0.9869000,0.4629205,1.0000000,0.5893056,0.6194400,0.3688494,0.8679775,0.8691704,0.0755680
912,1.0000000,1.0000000,1.0000000,0.9269119,0.5611965,0.2448754,0.6996183,0.5384311,0.2738037
913,0.9810467,0.8078507,1.0000000,0.8035292,0.6454392,0.7732025,0.6201106,0.3035547,0.3746967
914,0.8870488,0.6231283,1.0000000,0.7018695,0.6494288,0.6136994,0.6155456,0.4686853,0.5202924
915,0.9441555,0.5298435,1.0000000,0.7020279,0.6907684,0.4390706,0.4301261,0.7448434,0.2920994
916,0.9865413,0.7715253,1.0000000,0.8724823,0.8156776,0.5869987,0.7280721,0.2875930,0.2213209
917,1.0000000,0.4548431,1.0000000,0.7159334,0.7447491,0.2711530,0.7691382,0.8053246,0.3053430
918,0.9752348,1.0000000,1.0000000,0.6090950,0.7996880,0.5537364,0.8321992,0.8191925,0.4755927
919,0.9584212,0.0690869,1.0000000,0.7141579,0.8126087,0.4766726,0.6430413,0.6206879,0.2542843
920,0.7405403,0.8156853,1.0000000,0.5709970,0.8011546,0.5842393,0.5213646,0.7145176,0.3849218
921,0.9867350,0.2001993,1.0000000,0.6739340,0.8311572,0.6450260,0.7905528,0.8487777,0.2773246
922,0.9053084,0.5879827,1.0000000,0.7134464,0.7985083,0.3138620,0.8007399,0.6078941,0.2227454
923,0.9868845,1.0000000,1.0000000,0.8687398,0.6587203,0.5467344,0.8738581,0.6099257,0.2188857
924,0.9838890,0.0013190,1.0000000,0.8378284,0.2962840,0.5318675,0.9125358,0.4951436,0.5576609
925,1.0000000,0.8648350,1.0000000,0.7074062,0.7316858,0.5881898,0.6313627,0.6777974,0.3493002
926,0.9864092,0.5394804,1.0000000,0.7935721,0.4688907,0.4120431,0.8052463,0.6732346,0.2551762
927,0.9677725,1.0000000,0.9375000,0.8468469,0.7627443,0.4260814,0.6088787,0.6721515,0.2056602
928,0.9737738,0.7227794,1.0000000,0.8592452,0.4356010,0.3763676,0.8917542,0.6576565,0.2138791
929,0.9244480,0.2745186,1.0000000,0.7571264,0.5459463,0.6847293,0.6802875,0.3378226,0.4923998
930,0.9869005,0.8062709,1.0000000,0.8671277,0.6925128,0.6602188,0.8057561,0.8093512,0.3366804
931,0.8269576,0.8115370,1.0000000,0.6888721,0.6341760,0.4626978,0.6527583,0.6792808,0.2270956
932,0.9504632,0.2299652,1.0000000,0.5900414,0.7076125,0.3471260,0.6252695,0.3914324,0.2070508
933,0.9706173,0.1236892,1.0000000,0.7535908,0.4681598,0.2463172,0.6508990,0.8765157,0.2330722
934,0.9866046,0.4487032,1.0000000,0.7259327,0.8205949,0.3589131,0.8139854,0.5991398,0.3070751
935,1.0000000,0.6372326,1.0000000,0.7613810,0.6689494,0.5642673,0.8786473,0.5140374,0.5783441
936,0.9377339,0.4713181,1.0000000,0.8198318,0.4136978,0.3272288,0.7459091,0.6569745,0.2190085
937,0.9594817,0.7962245,1.0000000,0.5212202,0.6980013,0.5384878,0.4426263,0.8144657,0.3813903
938,1.0000000,0.6327169,1.0000000,0.9246704,0.7077918,0.6983728,0.6485650,0.5998737,0.4918856
939,1.0000000,0.6405929,1.0000000,0.6251565,0.7520356,0.3836511,0.8916181,0.6854269,0.5464939
940,0.8316119,0.4449565,1.0000000,0.7181384,0.5932718,0.3071151,0.8098617,0.9172410,0.5809563
941,0.9593966,0.5340472,1.0000000,0.7784547,0.4473495,0.6255741,0.7073182,0.6558996,0.3911005
942,0.9867714,0.1674935,1.0000000,0.6010982,0.9014115,0.4877521,0.7769720,0.2461483,0.5773783
943,1.0000000,0.8727992,1.0000000,0.8320501,0.6687750,0.4846729,0.6919753,0.6985563,0.0522738
944,0.9604315,1.0000000,1.0000000,0.7498032,0.5378512,0.5987141,0.5538379,0.3641512,0.1936847
945,0.9868950,0.4547445,1.0000000,0.6122141,0.5769130,0.3597733,0.6999720,0.3650299,0.4592259
946,0.9857093,0.2263725,1.0000000,0.5332215,0.8445109,0.7854179,0.7722671,0.5915416,0.2350627
947,0.9578782,0.6990908,1.0000000,0.5120455,0.8283605,0.3152292,0.6554951,0.6730743,0.5276153
948,0.9849222,0.5689486,1.0000000,0.9217593,0.1582604,0.7741033,0.6268928,0.6487567,0.4187576
949,0.9750681,0.2270611,1.0000000,0.6366271,0.7721541,0.3738677,0.8777356,0.7562915,0.2214143
950,0.9867955,0.7715613,1.0000000,0.7749751,0.4553592,0.6591918,0.5717297,0.8342446,0.1199280
951,0.9258059,0.5925867,1.0000000,0.8888878,0.7046481,0.6022498,0.6778995,0.6276451,0.2436688
952,0.9869039,0.5920239,1.0000000,0.9095310,0.6921938,0.1668875,0.5124320,0.7877199,0.5247434
953,0.9566669,0.6035739,1.0000000,0.8517368,0.5287472,0.3314942,0.7377112,0.6435630,0.3223986
954,1.0000000,0.6336574,1.0000000,0.7564037,0.6861175,0.5813333,0.8339783,0.5630268,0.2059535
955,0.9869032,0.3730989,1.0000000,0.5784372,0.6749832,0.6728440,0.9326265,0.8680113,0.4754513
956,0.9858629,0.1243206,1.0000000,0.6970887,0.4138889,0.5552093,0.7331467,0.6529972,0.4049518
957,1.0000000,0.1301137,1.0000000,0.8882975,0.5122253,0.3472918,0.6852779,0.9081532,0.2086603
958,0.8601411,1.0000000,1.0000000,0.6960120,0.6174515,0.4800818,0.6210054,0.5461936,0.2511105
959,0.9868067,0.1886682,1.0000000,0.9486250,0.6951631,0.5055160,0.8524175,0.3839693,0.3256545
960,0.8688995,0.6165323,1.0000000,0.8931278,0.7918884,0.5753303,0.7984140,0.4269497,0.1696242
961,0.9425481,0.2895894,1.0000000,0.8977586,0.5661569,0.2260833,0.6419153,0.7759760,0.2960082
962,0.9779663,0.4250594,1.0000000,0.6921068,0.5719027,0.4968189,0.6241486,0.8725596,0.2798452
963,0.9867966,0.6989115,1.0000000,0.6243810,0.5869519,0.5537256,0.8017499,0.6859001,0.2837761
964,0.9869053,0.6097166,1.0000000,0.8770323,0.7404214,0.3591294,0.4853306,0.7004880,0.0462529
965,0.9867185,0.6775902,1.0000000,0.7601332,0.7722959,0.3059047,0.8043398,0.8471478,0.2215069
966,0.9752940,0.7030565,1.0000000,0.6576052,0.6719913,0.6152852,0.8446733,0.5900880,0.5833140
967,0.9850712,0.3301826,1.0000000,0.9040592,0.3879034,0.5482987,0.8834310,0.5813826,0.3382365
968,0.9723948,1.0000000,1.0000000,0.6334895,0.8830959,0.2226595,0.4666140,0.5739413,0.3841846
969,0.9865593,0.4011843,1.0000000,0.6855712,0.5628192,0.4317399,0.8564217,0.8848321,0.3393235
970,0.9110877,1.0000000,1.0000000,0.5448183,0.5621356,0.6914964,0.5131349,0.6987854,0.3850604
971,0.9773681,0.1920957,1.0000000,0.6581831,0.5671494,0.3699488,0.6498751,0.7342758,0.0998560
972,1.0000000,0.5180580,1.0000000,0.5789576,0.4354148,0.3474571,0.7913446,0.6119965,0.2463815
973,0.9859013,0.1794655,1.0000000,0.6722954,0.6250636,0.3881250,0.7909388,0.8343674,0.4254552
974,0.9735092,0.5063472,1.0000000,0.7334283,0.7365561,0.5557202,0.8319505,0.7788707,0.1348158
975,0.9853425,0.6455702,1.0000000,0.8121424,0.7070786,0.3859175,0.7356980,0.8932899,0.4802447
976,0.9868042,0.3481038,1.0000000,0.6139869,0.8721536,0.3390845,0.7334901,0.6298168,0.4630999
977,0.9787453,0.3063437,1.0000000,0.5502451,0.8353506,0.3399361,0.8465670,0.8206506,0.4532255
978,0.9849473,1.0000000,1.0000000,0.7457029,0.6779316,0.6077778,0.8874932,0.6210554,0.4014715
979,0.9706146,0.7863297,1.0000000,0.7023204,0.5952818,0.4371219,0.5025421,0.6849931,0.0867537
980,0.9868584,0.7423190,1.0000000,0.8328718,0.7911559,0.4363519,0.6630856,0.7895881,0.1860980
981,0.9012338,0.5153054,1.0000000,0.8274587,0.4730473,0.3666248,0.7987200,0.4550641,0.5625053
982,0.9735802,0.6638171,1.0000000,0.8922698,0.4880540,0.4916815,0.6434292,0.7616628,0.5222540
983,0.9861543,0.0229946,1.0000000,0.6956234,0.6050985,0.6100713,0.7383857,0.5628205,0.2108714
984,0.9860488,0.4262451,0.9375000,0.6311672,0.5934774,0.3790731,0.8971201,0.7677269,0.1222810
985,0.9868908,0.4451851,1.0000000,0.6589116,0.8522417,0.3532488,0.7094157,0.7072125,0.4560421
986,0.9868775,0.7783144,1.0000000,0.6828591,0.4871864,0.6671730,0.8589380,0.7408025,0.3150615
987,1.0000000,0.7005137,1.0000000,0.6290924,0.3479010,0.6452933,0.8292985,0.7560822,0.4252817
988,0.9869043,0.6507747,1.0000000,0.7024165,0.4142003,0.5201103,0.5659914,0.6617319,0.2759420
989,0.7421631,1.0000000,1.0000000,0.7254840,0.6422799,0.5397314,0.6771591,0.5467142,0.2402670
990,0.9859321,0.6962300,1.0000000,0.5296268,0.8487450,0.3973433,0.9038325,0.4126834,0.4747384
991,0.9858900,0.4493065,1.0000000,0.9619152,0.6458202,0.3477046,0.6643625,0.7505300,0.2149555
992,0.9633832,0.7079277,1.0000000,0.8233782,0.7535592,0.3467723,0.6887909,0.7789943,0.4353328
993,1.0000000,1.0000000,1.0000000,0.8125551,0.4404399,0.3906752,0.6443566,0.5046215,0.4541151
994,0.9868897,0.1032049,1.0000000,0.7060281,0.5599486,0.5554465,0.6828965,0.8546645,0.2382125
995,0.9833480,1.0000000,1.0000000,0.6045042,0.5294238,0.5647106,0.9016509,0.7471950,0.4412447
996,0.9738104,0.6926921,1.0000000,0.7569945,0.4964830,0.4829919,0.8523936,0.6816673,0.2413005
997,0.9140663,0.8010875,1.0000000,0.8092726,0.7185726,0.2389910,0.5759870,0.4242631,0.3560710
998,0.9670239,0.3379307,1.0000000,0.6045217,0.4541225,0.2844328,0.8621317,0.7192503,0.3752796
999,0.9868905,0.1408221,1.0000000,0.7046878,0.6806336,0.5389779,0.6076880,0.7435875,0.3715045
